{
  "data": [
    {
      "count": 1,
      "Vocation": "On Highway 1",
      "Coverage": "EW1",
      "Deductible": "$0",
      "Torque": "L",
      "C_36": "Y",
      "C_48": "Y",
      "C_60": "N",
      "C_72": "Y",
      "completePercent": "75"
    },
    {
      "count": 2,
      "Vocation": "On Highway 2",
      "Coverage": "EW1",
      "Deductible": "$0",
      "Torque": "L",
      "C_36": "Y",
      "C_48": "N",
      "C_60": "N",
      "C_72": "Y",
      "completePercent": "50"
    },
    {
      "count": 3,
      "Vocation": "On Highway 3",
      "Coverage": "EW2",
      "Deductible": "$330",
      "Torque": "L",
      "C_36": "N",
      "C_48": "Y",
      "C_60": "N",
      "C_72": "N",
      "completePercent": "0"
    },
    {
      "count": 4,
      "Vocation": "On Highway 4",
      "Coverage": "EW1",
      "Deductible": "$550",
      "Torque": "H",
      "C_36": "N",
      "C_48": "Y",
      "C_60": "N",
      "C_72": "N",
      "completePercent": "25"
    },
    {
      "count": 5,
      "Vocation": "Vocational 1",
      "Coverage": "EW1",
      "Deductible": "$0",
      "Torque": "L",
      "C_36": "N",
      "C_48": "N",
      "C_60": "N",
      "C_72": "Y",
      "completePercent": "25"
    },
    {
      "count": 6,
      "Vocation": "Vocational 2",
      "Coverage": "EW1",
      "Deductible": "$0",
      "Torque": "L",
      "C_36": "Y",
      "C_48": "Y",
      "C_60": "N",
      "C_72": "Y",
      "completePercent": "75"
    },
    {
      "count": 7,
      "Vocation": "Vocational 3",
      "Coverage": "EW2",
      "Deductible": "$0",
      "Torque": "L",
      "C_36": "N",
      "C_48": "N",
      "C_60": "N",
      "C_72": "Y",
      "completePercent": "75"
    },
    {
      "count": 8,
      "Vocation": "Vocational 8",
      "Coverage": "EW2",
      "Deductible": "$0",
      "Torque": "L",
      "C_36": "N",
      "C_48": "N",
      "C_60": "N",
      "C_72": "N",
      "completePercent": "0"
    }
  ]
}