<core:FragmentDefinition xmlns="sap.m" xmlns:t="sap.ui.table" xmlns:u="sap.ui.unified" xmlns:core="sap.ui.core" xmlns:l="sap.ui.layout"
	xmlns:mvc="sap.ui.core.mvc" xmlns:f="sap.ui.layout.form" xmlns:micro="sap.suite.ui.microchart">
	<l:Grid id="costDrivergrid">
		<l:content>
			<OverflowToolbar id="otb2">
				<Button id="viewchassis" text="View Cost Curves by Coverage - Chassis" press="onChassisCostCurvePress"
					visible="{= ${local>/rateplanvisibility/costCurveBtn} === 1? true : false }"/>
				<Button id="viewcostcurve" text="View Cost Curves by Coverage - Engine" press="onEngineCostCurvePress"
					visible="{= ${local>/rateplanvisibility/costCurveBtn} === 2? true : false }"/>
				<ToolbarSpacer/>
			<Button icon="sap-icon://hint" press="onRatePlanPopover"  class = "ViewRatePlan" tooltip="View Rate Plan Info"/>
				<!--<core:Icon src="sap-icon://hint" press="onRatePlanPopover"  tooltip="View Rate Plan Info"/>-->
				<layoutData>
					<l:GridData span="L12 M12 S12"/>
				</layoutData>
			</OverflowToolbar>
			<!--	<HBox>
				<Button id="viewchassis" text="View Cost Curves by Coverage - Chassis" press="onChassisCostCurvePress"/>
				<Button id="viewcostcurve" text="View Cost Curves by Coverage - Engine" press="onEngineCostCurvePress"/>
			</HBox>-->
			<VBox>
				<Table showNoData="false">
					<columns>
						<Column>
							<header>
								<Label text="{i18n>vmrsCode}"/>
							</header>
						</Column>
						<Column >
							<header>
								<Label text="{i18n>vmrsDesc}"/>
							</header>
						</Column>
						<Column >
							<header>
								<Label text="{i18n>displayAll}"/>
							</header>
						</Column>
						<Column >
							<header>
								<Label text="{i18n>exposurePlot}"/>
							</header>
						</Column>
						<Column >
							<header>
								<Label text="{i18n>failureRate}"/>
							</header>
						</Column>
						<Column >
							<header>
								<Label text="{i18n>costPerClaim}"/>
							</header>
						</Column>
					</columns>
				</Table>
			
				<ScrollContainer height="24rem" vertical="true">
					<Table noDataText="No Data available" items="{ path:'local>/vmrsSelection'}">
						<items>
							<ColumnListItem >
								<cells>
									<Text text="{local>VMRS_33_CD}"/>
									<Text text="{local>VMRS_33_DESC}"/>
									<core:Icon src="sap-icon://dimension"></core:Icon>
									<core:Icon src="sap-icon://line-chart" press="onExposurePlotEngine"></core:Icon>
									<core:Icon src="sap-icon://opportunity" press="onFailureRatePress"></core:Icon>
									<core:Icon src="sap-icon://business-objects-experience" press="onCostClaimPress"></core:Icon>
									
								</cells>
							</ColumnListItem>
						</items>
						<columns>
							<Column></Column>
							<Column ></Column>
							<Column ></Column>
							<Column ></Column>
							<Column ></Column>
							<Column ></Column>
						</columns>
					</Table>
					
				</ScrollContainer>
				<layoutData>
						<l:GridData span="L12 M12 S12"/>
					</layoutData>
			</VBox>
		</l:content>
	</l:Grid>
</core:FragmentDefinition>