<core:FragmentDefinition
	xmlns:core="sap.ui.core"
	xmlns:mvc="sap.ui.core.mvc"
	xmlns="sap.m"
	xmlns:html="http://www.w3.org/1999/xhtml"
	xmlns:l="sap.ui.layout"
	xmlns:f="sap.ui.layout.form" controllerName="DtnaAspRP_ss.controller.CostCurveEngine"
	xmlns:viz.feeds="sap.viz.ui5.controls.common.feeds"
	xmlns:viz="sap.viz.ui5.controls"
	xmlns:viz.data="sap.viz.ui5.data"
	xmlns:t="sap.ui.table">
	<Dialog class="chassis24" title ="Cost Curve Status for Engine" height = "130%">
		<OverflowToolbar id="otbEngine">
			<ToolbarSpacer/>
			<core:Icon src="sap-icon://hint" press="onRatePlanPopover" tooltip="View Rate Plan Info"/>
		</OverflowToolbar>
		<t:Table id="table1" selectionMode="None" rows="{local>/CostCurveStatus}" enableCellFilter="true" visibleRowCount="10">
			<t:columns>
				<t:Column width="11rem"  filterProperty="VOC_CATEGORY" hAlign="Center">
					<Label text="Vocation" textAlign="Center" width="100%"/>
					<t:template>
						<Text text="{local>VOC_CATEGORY}"/>
					</t:template>
				</t:Column>
				<t:Column width="13rem"  filterProperty="CVRG_GROUP" hAlign="Center">
					<Label text="Coverage" textAlign="Center" width="100%"/>
					<t:template>
						<Text textAlign="Center" text="{local>CVRG_GROUP}"/>
					</t:template>
				</t:Column>
				<t:Column width="11rem" filterProperty="DEDCT_AMT"  hAlign="Center">
					<Label text="Deductable" textAlign="Center" width="100%"/>
					<t:template>
						<Text textAlign="Center" text="{local>DEDCT_AMT}"/>
					</t:template>
				</t:Column>
				
				<t:Column width="11rem" filterProperty="TORQUE" hAlign="Center">
					<Label text="Torque" textAlign="Center" width="100%"/>
					<t:template>
						<Text textAlign="Center" text="{local>TORQUE}"/>
					</t:template>
				</t:Column>
				<t:Column width="4rem" id="multiheader"  hAlign="Center">
					<t:multiLabels>
						<Label text="Term" textAlign="Center" width="100%"/>
						<Label text="24" textAlign="Center" width="100%"/>
					</t:multiLabels>
					<t:template>
					<core:Icon src="sap-icon://accept"  visible = "{= ${local>TERM_36} === 1}"/>
					</t:template>
				</t:Column>
				<t:Column width="4rem" >
					<t:multiLabels>
						<Label text="Term"/>
						<Label text="36" textAlign="Center" width="100%" hAlign="Center"/>
					</t:multiLabels>
					<t:template>
							<core:Icon src="sap-icon://accept"  visible = "{= ${local>TERM_48} === 1}"/>
					</t:template>
				</t:Column>
				<t:Column width="4rem"  hAlign="Center">
					<t:multiLabels>
						<Label text="Term"/>
						<Label text="48" textAlign="Center" width="100%" hAlign="Center"/>
					</t:multiLabels>
					<t:template>
				<core:Icon src="sap-icon://accept"  visible = "{= ${local>TERM_60} === 1}"/>
					</t:template>
				</t:Column>
				<t:Column width="4rem" hAlign="Center">
					<t:multiLabels>
						<Label text="Term"/>
						<Label text="60" textAlign="Center" width="100%" />
					</t:multiLabels>
					<t:template>
						<core:Icon src="sap-icon://accept"  visible = "{= ${local>TERM_72} === 1}"/>
					</t:template>
				</t:Column>
				<t:Column width="11rem" sortProperty="COMPLETE" filterProperty="COMPLETE" >
					<t:multiLabels>
						<Label text="% Complete" textAlign="Center" width="100%"/>
					</t:multiLabels>
					<t:template>
						<Text text="{local>COMPLETE}"/>
					</t:template>
				</t:Column>
			</t:columns>
		</t:Table>
	</Dialog>
</core:FragmentDefinition>