<core:FragmentDefinition
	xmlns="sap.m"
	xmlns:t="sap.ui.table"
	xmlns:u="sap.ui.unified"
	xmlns:core="sap.ui.core"
	xmlns:l="sap.ui.layout"
	xmlns:mvc="sap.ui.core.mvc"
	xmlns:f="sap.ui.layout.form"
	xmlns:micro="sap.suite.ui.microchart">
	<l:Grid id="costDrivergrid" class="plots">
		<l:content>
			<OverflowToolbar id="otb2">
				<Button icon="sap-icon://nav-back" press="onNavBack"/>
				<Text text=" " id="plotsTitle"/>
				<ToolbarSpacer/>
				<!--	<core:Icon src="sap-icon://hint" press="onRatePlanPopover" tooltip="View Rate Plan Info"/>-->
				<layoutData>
					<l:GridData span="L12 M12 S12"/>
				</layoutData>
			</OverflowToolbar>
			<VBox>
				<Table showNoData="false">
					<columns>
						<Column>
							<header>
								<Label text="{i18n>vmrsCode}"/>
							</header>
						</Column>
						<Column >
							<header>
								<Label text="{i18n>vmrsDesc}"/>
							</header>
						</Column>
						<Column >
							<header>
								<Label text="{i18n>displayAll}"/>
							</header>
						</Column>
						<Column >
							<header>
								<Label text="{i18n>exposurePlot}"/>
							</header>
						</Column>
						<Column >
							<header>
								<Label text="{i18n>failureRate}"/>
							</header>
						</Column>
						<Column >
							<header>
								<Label text="{i18n>costPerClaim}"/>
							</header>
						</Column>
					</columns>
				</Table>
				<ScrollContainer height="30rem" vertical="true">
					<Table noDataText="No Data available"  items="{ path:'local>/vmrsSelection',	sorter: { path: 'RANK_VMRS', descending: false}}">
						<items>
							<ColumnListItem >
								<cells>
									<Text text="{local>VMRS_33_CD}"/>
									<Text text="{local>MRS_33_DESC}"/>
									<core:Icon src="sap-icon://dimension"></core:Icon>
									<core:Icon src="sap-icon://line-chart"></core:Icon>
									<core:Icon src="sap-icon://opportunity"></core:Icon>
									<core:Icon src="sap-icon://business-objects-experience" press="onCostClaimPress"></core:Icon>
								</cells>
							</ColumnListItem>
						</items>
						<columns>
							<Column></Column>
							<Column ></Column>
							<Column ></Column>
							<Column ></Column>
							<Column ></Column>
							<Column ></Column>
						</columns>
					</Table>
				</ScrollContainer>
				<layoutData>
					<l:GridData span="L12 M12 S12"/>
				</layoutData>
			</VBox>
		</l:content>
	</l:Grid>
</core:FragmentDefinition>