<core:FragmentDefinition
	xmlns:core="sap.ui.core"
	xmlns:mvc="sap.ui.core.mvc"
	xmlns="sap.m"
	xmlns:html="http://www.w3.org/1999/xhtml"
	xmlns:l="sap.ui.layout"
	xmlns:f="sap.ui.layout.form" controllerName="DtnaAspRP_ss.controller.CostCurveEngine"
	xmlns:viz.feeds="sap.viz.ui5.controls.common.feeds"
	xmlns:viz="sap.viz.ui5.controls"
	xmlns:viz.data="sap.viz.ui5.data">
	<Dialog  class="chassis24" contentWidth="90%" title="72 Months Cost Curve : {= ${local>/CostCurveViewRatePlan/CVRG_GROUP} ? ${local>/CostCurveViewRatePlan/CVRG_GROUP} : ${local>/costCurveTitle/engineTitle}}">
		<Panel  expandable="false" expanded="true"  width="auto">
			<content>
				<HBox class='settingsHBox'>
					<VBox>
						<HBox>
							<Label text='Claim Rate: ' class="rateformula"></Label>
							<Text text="{local>/costcurve72/0/CLAIM_RATE}" class="climratetext"></Text>
						</HBox>
						<HBox class="lwhbox">
							<Label text='Avg Miles: ' class="rateformula"></Label>
							<Text text="{local>/costcurve72/0/AVG_MILES}" class="avgmiletext"></Text>
						</HBox>
					</VBox>
					<VBox class ="claimyr">
						<HBox>
							<Label text='Claim Cost: ' class="rateformula"></Label>
							<Text text="${local>/costcurve72/0/CLAIM_COST}" class="climratetext" ></Text>
						</HBox>
						<HBox class="lwhbox">
							<Label text='Miles/Yr: ' class="rateformula"></Label>
							<Text text="{local>/costcurve72/0/AVG_ANNUAL_MILEAGE}" class ="milegetext"></Text>
						</HBox>
					</VBox>
					<HBox class = "MinMaxlabel">
						<Label  text='MIN :' class="minlabel"></Label>
						<Input value="{local>/costcurve72/0/MIN_MIS}" editable="{= ${local>/rateplanvisibility/createRatePlanScreen} === 3  ? false : true}"  type="Number" class="mininput" id="mininput72"></Input>
						<Label  text='MAX :' class="maxlabel"></Label>
						<Input value="{local>/costcurve72/0/MAX_MIS}" editable="{= ${local>/rateplanvisibility/createRatePlanScreen} === 3  ? false : true}" type="Number" class="maxinput" id="maxinput72"></Input>
						<Button text="Refresh" visible="{= ${local>/rateplanvisibility/createRatePlanScreen} === 3  ? false : true}" class = "Refreshbtn"  press="RefreshMinMax72" ></Button>
					</HBox>
					<HBox class="methodsplot">
						<Label required="true"  text=""></Label>
						<ComboBox class="cmbox" editable="{= ${local>/rateplanvisibility/createRatePlanScreen} === 3  ? false : true}" value = "{local>/CostCurveViewRatePlan72/SELECTED_FCST_MTHD}" id = "ForecastMthd72" placeholder="Forecast Method">
							<items>
								<core:ListItem  text="Linear" key="LINEAR"/>
								<core:ListItem  text="Quadratic"  key="QUADRATIC"/>
								<core:ListItem text="Quadratic with Points" key="QUADRATIC WITH POINTS"/>
							</items>
						</ComboBox>
						<Label  text="Based On:" class= "copyText"></Label>
								<ComboBox class="cmboxcopy" change= "Reference72" placeholder="Copy from"   id = "Enginecopy72" >
							<items>
							
								<core:ListItem  text="36 Months"  key="Engine36"/>
								<core:ListItem text="48 Months" key="Engine48"/>
								<core:ListItem text="60 Months" key="Engine60"/>
								
								
							</items>
						</ComboBox>
					</HBox>
				</HBox>
			</content>
		</Panel>
		<viz:VizFrame vizType='line' vizProperties="{ title: {text : ' ', visible : false}, valueAxis: { title: { visible: true, text: 'BW+EW Cost Per Unit' } } }"
					selectData="chartClick" id ="vizChart72"  class="vizframe">
			<viz:dataset>
				<viz.data:FlattenedDataset data="{local>/costcurve72}">
					<viz.data:dimensions>
						<viz.data:DimensionDefinition name="MIS" value="{local>MIS}"/>
					</viz.data:dimensions>
					<viz.data:measures>
						<viz.data:MeasureDefinition name="Actual" value="{local>TW_PER_UNIT}"/>
						<viz.data:MeasureDefinition name="Linear" value="{local>LINEAR_FORECAST}"/>
						<viz.data:MeasureDefinition name="Quadratic" value="{local>QUAD_FORECAST}"/>
						<viz.data:MeasureDefinition name="QuadraticPoints" value="{local>QUAD_FORECAST_POINTS}"/>
					</viz.data:measures>
				</viz.data:FlattenedDataset>
			</viz:dataset>
			<viz:feeds>
				<viz.feeds:FeedItem uid="valueAxis" type="Measure" values="QuadraticPoints"/>
				<viz.feeds:FeedItem uid="valueAxis" type="Measure" values="Quadratic"/>
				<viz.feeds:FeedItem uid="valueAxis" type="Measure" values="Linear"/>
				<viz.feeds:FeedItem uid="valueAxis" type="Measure" values="Actual"/>
				<viz.feeds:FeedItem uid="categoryAxis" type="Dimension" values="MIS"/>
			</viz:feeds>
		</viz:VizFrame>
		<HBox>
			<VBox class ="aufVox">
				<Table showNoData="false" class="aufHeader" >
					<columns>
						<Column width="5em">
							<header>
								<Label text="Accelerated Usage Factor"/>
							</header>
						</Column>
						<Column width="10em" hAlign="Center">
							<header>
								<Label text="Group for 72 Month Coverage"/>
							</header>
						</Column>
					</columns>
				</Table>
				<Table id="auffactor72" showNoData="false"  class="aufHeader">
					<columns>
						<Column  width="12em" hAlign="Center">
							<header>
								<Label text=""  />
							</header>
						</Column>
						<Column  >
							<header>
								<Label text="1"   textAlign="Center"/>
							</header>
						</Column>
						<Column  >
							<header>
								<Label text="2" />
							</header>
						</Column>
						<Column >
							<header>
								<Label text="3"/>
							</header>
						</Column>
						<Column >
							<header>
								<Label text="4"/>
							</header>
						</Column>
					</columns>
					<items>
						<ColumnListItem>
							<cells>
								<Text text="EW Units"/>
								<Text text="{local>/AUFValue/1/EW_UNITS}" textAlign="Right"/>
								<Text text="{local>/AUFValue/2/EW_UNITS}" textAlign="Right"/>
								<Text text="{local>/AUFValue/3/EW_UNITS}" textAlign="Right"/>
								<Text text="{local>/AUFValue/4/EW_UNITS}" textAlign="Right"/>
							</cells>
						</ColumnListItem>
						<ColumnListItem>
							<cells>
								<Text text="AUF Factor"/>
								<Text text="{path: 'local>/AUFValue/1/ACCELERATED_USAGE_FACTOR',formatter: '.formatter.AUFFactorValue'}" textAlign="Right"/>
								<Text text="{path: 'local>/AUFValue/2/ACCELERATED_USAGE_FACTOR',formatter: '.formatter.AUFFactorValue'}" textAlign="Right"/>
								<Text text="{path: 'local>/AUFValue/3/ACCELERATED_USAGE_FACTOR',formatter: '.formatter.AUFFactorValue'}" textAlign="Right"/>
								<Text text="{path: 'local>/AUFValue/4/ACCELERATED_USAGE_FACTOR',formatter: '.formatter.AUFFactorValue'}" textAlign="Right"/>
							</cells>
						</ColumnListItem>
						<ColumnListItem>
							<cells>
								<Text text="Select Group"/>
								<ComboBox editable="{= ${local>/rateplanvisibility/createRatePlanScreen} === 3  ? false : true}"  selectedKey="{= ${local>/AUFValue/1/SELECTED_GROUP_ID} ? ${local>/AUFValue/1/SELECTED_GROUP_ID} : 1 }" id="group1_72">
									<items>
										<core:ListItem text="1" key="1"/>
										<core:ListItem text="2" key="2"/>
										<core:ListItem text="3" key="3"/>
										<core:ListItem text="4" key="4"/>
									</items>
								</ComboBox>
								<ComboBox editable="{= ${local>/rateplanvisibility/createRatePlanScreen} === 3  ? false : true}" selectedKey="{= ${local>/AUFValue/1/SELECTED_GROUP_ID} ? ${local>/AUFValue/1/SELECTED_GROUP_ID} : 2 }" id="group2_72">
									<items>
										<core:ListItem text="1" key="1"/>
										<core:ListItem text="2" key="2"/>
										<core:ListItem text="3" key="3"/>
										<core:ListItem text="4" key="4"/>
									</items>
								</ComboBox>
								<ComboBox editable="{= ${local>/rateplanvisibility/createRatePlanScreen} === 3  ? false : true}" selectedKey="{= ${local>/AUFValue/1/SELECTED_GROUP_ID} ? ${local>/AUFValue/1/SELECTED_GROUP_ID} : 3 }" id="group3_72">
									<items>
										<core:ListItem text="1" key="1"/>
										<core:ListItem text="2" key="2"/>
										<core:ListItem text="3" key="3"/>
										<core:ListItem text="4" key="4"/>
									</items>
								</ComboBox>
								<ComboBox editable="{= ${local>/rateplanvisibility/createRatePlanScreen} === 3  ? false : true}" selectedKey="{= ${local>/AUFValue/1/SELECTED_GROUP_ID} ? ${local>/AUFValue/1/SELECTED_GROUP_ID} : 4 }" id="group4_72">
									<items>
										<core:ListItem text="1" key="1"/>
										<core:ListItem text="2" key="2"/>
										<core:ListItem text="3" key="3"/>
										<core:ListItem text="4" key="4"/>
									</items>
								</ComboBox>
							</cells>
						</ColumnListItem>
					</items>
				</Table>
				<Button text="Save" visible="{= ${local>/rateplanvisibility/createRatePlanScreen} === 3  ? false : true}" class = "savebtn" press= "save72"></Button>
			</VBox>
			
			
			<Table showNoData="false" items="{local>/Milege}" id="milege72" class="milegetable">
				<columns>
					<Column width="6em">
						<header>
							<Label text="Coverage Miles"/>
						</header>
					</Column>
					<Column width="10em" hAlign="Center">
						<header>
							<Label text="Total EW Units"/>
						</header>
					</Column>
				</columns>
				<items>
					<ColumnListItem>
						<cells>
							<Text text="{local>CVRG_MILES}"/>
							<Text text="{local>TOTAL_EW_UNITS}"/>
						</cells>
					</ColumnListItem>
				</items>
			</Table>
		</HBox>
	</Dialog>
</core:FragmentDefinition>
