<core:FragmentDefinition
	xmlns:core="sap.ui.core"
	xmlns:mvc="sap.ui.core.mvc"
	xmlns="sap.m"
	xmlns:html="http://www.w3.org/1999/xhtml"
	xmlns:l="sap.ui.layout"
	xmlns:f="sap.ui.layout.form" controllerName="DtnaAspRP_ss.controller.FailureRate"
	xmlns:viz.feeds="sap.viz.ui5.controls.common.feeds"
	xmlns:viz="sap.viz.ui5.controls"
	xmlns:viz.data="sap.viz.ui5.data">
	<VBox>
		<OverflowToolbar >
			
			<ToolbarSpacer/>
			<Title text="{i18n>titleFailureRate} : {FLModel>/VMRSDESC} " level="H3"/>
			<ToolbarSpacer/>
			<core:Icon src="sap-icon://hint" press="onRatePlanPopover" tooltip="View Rate Plan Info" class="size5" >
				<core:layoutData>
					<FlexItemData growFactor="1"/>
				</core:layoutData>
			</core:Icon>
		</OverflowToolbar>
		<OverflowToolbar >
			<HBox class="settingsHBox">
				<HBox class="engvocation">
					<Label required="true" text=""></Label>
					<ComboBox class="cmbox" id="vocationEngine" placeholder ="{i18n>Vocation}" selectedKey="{local>/FRChartSelection/vocation}">
						<items>
							<core:ListItem key="ON HIGHWAY" text="On Highway"/>
							<core:ListItem key="VOCATIONAL" text="Vocational"/>
						</items>
					</ComboBox>
				</HBox>
				<HBox class="engdomicile">
					<Label required="true" text=""></Label>
					<ComboBox class="cmbox" id="domicileEngine" placeholder ="{i18n>Domicile}" selectedKey="{local>/FRChartSelection/domicile}">
						<items>
							<core:ListItem key="USA AND CAN" text="USA and Canada"/>
							<core:ListItem key="MEX" text="Mexico"/>
							<core:ListItem key="AUS AND NZL" text="Australia and New Zealand"/>
						</items>
					</ComboBox>
				</HBox>
				<HBox class="engcoverage">
					<Label required="true" text=""></Label>
					<ComboBox class="cmbox" id="coverageEngine" placeholder ="{i18n>Coverage}" change="onCoverageChange" selectedKey="{local>/FRChartSelection/coverage}">
						<items>
							<core:ListItem text="EW1" key="EW1"/>
							<core:ListItem text="EW2" key="EW2"/>
							<core:ListItem text="EW3" key="EW3"/>
							<core:ListItem text="EW4" key="EW4"/>
							<core:ListItem text="ALL EW PACKAGES" key="ALLEWPACKAGES"/>
						</items>
					</ComboBox>
				</HBox>
				<HBox class="engDeductible">
					<Label required="true" text=""></Label>
					<ComboBox class="cmbox" id="deductibleEngine" placeholder = "{i18n>Deductible}" selectedKey="{local>/FRChartSelection/deductible}">
						<items>
							<core:ListItem text="$0" key="0"/>
							<core:ListItem text="$300" key="300"/>
						</items>
					</ComboBox>
				</HBox>
				<HBox class="engtorque">
					<Label required="true" text=""></Label>
					<ComboBox class="cmbox" id="torqueEngine" placeholder = "{i18n>Torque}" selectedKey="{local>/FRChartSelection/torque}">
						<items>
							<core:ListItem text="Low" key="LOW"/>
							<core:ListItem text="High" key="HIGH"/>
						</items>
					</ComboBox>
				</HBox>
				<HBox class="engbtn">
					<Button text="{i18n>generateFailureRate}" class="engrefresh" tooltip="{i18n>generateFailureRate}" press="generateFailureRate"/>
				</HBox>
				<layoutData>
					<l:GridData span="XL12 L12 M12 S4"/>
				</layoutData>
			</HBox>
		</OverflowToolbar>
		<l:Grid id="engineCostCurvegrid">
			<l:content>
				<HBox>
					<viz:VizFrame id="idVizFrameEngine36" vizType='line' width="574px" height="350px" class="lframe"
						vizProperties="{ title: {text : '36 Months ', visible : true}, valueAxis: { title: { visible: true, text: 'Failure Rate (%)' } },categoryAxis: { title: {   visible: true, text: 'In Service Months'}} }"
						selectData="chartClick">
						<viz:dataset>
							<viz.data:FlattenedDataset data="{local>/failureRateChart36}">
								<viz.data:dimensions>
									<viz.data:DimensionDefinition name="Month" value="{local>CC_MM_YY}"/>
								</viz.data:dimensions>
								<viz.data:measures>
									<viz.data:MeasureDefinition name="MIS3" value="{local>CC_MIS_3}"/>
									<viz.data:MeasureDefinition name="MIS6" value="{local>CC_MIS_6}"/>
									<viz.data:MeasureDefinition name="MIS9" value="{local>CC_MIS_9}"/>
									<viz.data:MeasureDefinition name="MIS12" value="{local>CC_MIS_12}"/>
									<viz.data:MeasureDefinition name="MIS18" value="{local>CC_MIS_18}"/>
									<viz.data:MeasureDefinition name="MIS24" value="{local>CC_MIS_24}"/>
									<viz.data:MeasureDefinition name="MIS36" value="{local>CC_MIS_36}"/>
								</viz.data:measures>
							</viz.data:FlattenedDataset>
						</viz:dataset>
						<viz:feeds>
							<viz.feeds:FeedItem uid="valueAxis" type="Measure" values="MIS3"/>
							<viz.feeds:FeedItem uid="valueAxis" type="Measure" values="MIS6"/>
							<viz.feeds:FeedItem uid="valueAxis" type="Measure" values="MIS9"/>
							<viz.feeds:FeedItem uid="valueAxis" type="Measure" values="MIS12"/>
							<viz.feeds:FeedItem uid="valueAxis" type="Measure" values="MIS18"/>
							<viz.feeds:FeedItem uid="valueAxis" type="Measure" values="MIS24"/>
							<viz.feeds:FeedItem uid="valueAxis" type="Measure" values="MIS36"/>
							<viz.feeds:FeedItem uid="categoryAxis" type="Dimension" values="Month"/>
						</viz:feeds>
					</viz:VizFrame>
					<viz:VizFrame id="idVizFrameEngine48" vizType='line' width="574px" height="350px" class="rframe"
						vizProperties="{ title: {text : '48 Months  ', visible : true}, valueAxis: { title: { visible: true, text: 'Failure Rate (%)' } },categoryAxis: { title: {   visible: true, text: 'In Service Months'}} }">
						<viz:dataset>
							<viz.data:FlattenedDataset data="{local>/failureRateChart48}">
								<viz.data:dimensions>
									<viz.data:DimensionDefinition name="Month" value="{local>CC_MM_YY}"/>
								</viz.data:dimensions>
								<viz.data:measures>
									<viz.data:MeasureDefinition name="MIS3" value="{local>CC_MIS_3}"/>
									<viz.data:MeasureDefinition name="MIS6" value="{local>CC_MIS_6}"/>
									<viz.data:MeasureDefinition name="MIS9" value="{local>CC_MIS_9}"/>
									<viz.data:MeasureDefinition name="MIS12" value="{local>CC_MIS_12}"/>
									<viz.data:MeasureDefinition name="MIS18" value="{local>CC_MIS_18}"/>
									<viz.data:MeasureDefinition name="MIS24" value="{local>CC_MIS_24}"/>
									<viz.data:MeasureDefinition name="MIS36" value="{local>CC_MIS_36}"/>
									<viz.data:MeasureDefinition name="MIS48" value="{local>CC_MIS_48}"/>
								</viz.data:measures>
							</viz.data:FlattenedDataset>
						</viz:dataset>
						<viz:feeds>
							<viz.feeds:FeedItem uid="valueAxis" type="Measure" values="MIS3"/>
							<viz.feeds:FeedItem uid="valueAxis" type="Measure" values="MIS6"/>
							<viz.feeds:FeedItem uid="valueAxis" type="Measure" values="MIS9"/>
							<viz.feeds:FeedItem uid="valueAxis" type="Measure" values="MIS12"/>
							<viz.feeds:FeedItem uid="valueAxis" type="Measure" values="MIS18"/>
							<viz.feeds:FeedItem uid="valueAxis" type="Measure" values="MIS24"/>
							<viz.feeds:FeedItem uid="valueAxis" type="Measure" values="MIS36"/>
							<viz.feeds:FeedItem uid="valueAxis" type="Measure" values="MIS48"/>
							<viz.feeds:FeedItem uid="categoryAxis" type="Dimension" values="Month"/>
						</viz:feeds>
					</viz:VizFrame>
					<layoutData>
						<l:GridData span="XL12 L12 M12 S4"/>
					</layoutData>
				</HBox>
				<HBox>
					<viz:VizFrame id="idVizFrameEngine60" vizType='line' width="574px" height="350px" class="lframe"
						vizProperties="{ title: {text : '60 Months ', visible : true}, valueAxis: { title: { visible: true, text: 'Failure Rate (%)' } },categoryAxis: { title: {   visible: true, text: 'In Service Months'}} }">
						<viz:dataset>
							<viz.data:FlattenedDataset data="{local>/failureRateChart60}">
								<viz.data:dimensions>
									<viz.data:DimensionDefinition name="Month" value="{local>CC_MM_YY}"/>
								</viz.data:dimensions>
								<viz.data:measures>
									<viz.data:MeasureDefinition name="MIS3" value="{local>CC_MIS_3}"/>
									<viz.data:MeasureDefinition name="MIS6" value="{local>CC_MIS_6}"/>
									<viz.data:MeasureDefinition name="MIS9" value="{local>CC_MIS_9}"/>
									<viz.data:MeasureDefinition name="MIS12" value="{local>CC_MIS_12}"/>
									<viz.data:MeasureDefinition name="MIS18" value="{local>CC_MIS_18}"/>
									<viz.data:MeasureDefinition name="MIS24" value="{local>CC_MIS_24}"/>
									<viz.data:MeasureDefinition name="MIS36" value="{local>CC_MIS_36}"/>
									<viz.data:MeasureDefinition name="MIS48" value="{local>CC_MIS_48}"/>
									<viz.data:MeasureDefinition name="MIS60" value="{local>CC_MIS_60}"/>
								</viz.data:measures>
							</viz.data:FlattenedDataset>
						</viz:dataset>
						<viz:feeds>
							<viz.feeds:FeedItem uid="valueAxis" type="Measure" values="MIS3"/>
							<viz.feeds:FeedItem uid="valueAxis" type="Measure" values="MIS6"/>
							<viz.feeds:FeedItem uid="valueAxis" type="Measure" values="MIS9"/>
							<viz.feeds:FeedItem uid="valueAxis" type="Measure" values="MIS12"/>
							<viz.feeds:FeedItem uid="valueAxis" type="Measure" values="MIS18"/>
							<viz.feeds:FeedItem uid="valueAxis" type="Measure" values="MIS24"/>
							<viz.feeds:FeedItem uid="valueAxis" type="Measure" values="MIS36"/>
							<viz.feeds:FeedItem uid="valueAxis" type="Measure" values="MIS48"/>
							<viz.feeds:FeedItem uid="valueAxis" type="Measure" values="MIS60"/>
							<viz.feeds:FeedItem uid="categoryAxis" type="Dimension" values="Month"/>
						</viz:feeds>
					</viz:VizFrame>
					<viz:VizFrame id="idVizFrameEngine72" vizType='line' width="574px" height="350px" class="rframe"
						vizProperties="{ title: {text : '72 Months', visible : true}, valueAxis: { title: { visible: true, text: 'Failure Rate (%)' } },categoryAxis: { title: {   visible: true, text: 'In Service Months'}} }">
					<viz:dataset>
							<viz.data:FlattenedDataset data="{local>/failureRateChart60}">
								<viz.data:dimensions>
									<viz.data:DimensionDefinition name="Month" value="{local>CC_MM_YY}"/>
								</viz.data:dimensions>
								<viz.data:measures>
									<viz.data:MeasureDefinition name="MIS3" value="{local>CC_MIS_3}"/>
									<viz.data:MeasureDefinition name="MIS6" value="{local>CC_MIS_6}"/>
									<viz.data:MeasureDefinition name="MIS9" value="{local>CC_MIS_9}"/>
									<viz.data:MeasureDefinition name="MIS12" value="{local>CC_MIS_12}"/>
									<viz.data:MeasureDefinition name="MIS18" value="{local>CC_MIS_18}"/>
									<viz.data:MeasureDefinition name="MIS24" value="{local>CC_MIS_24}"/>
									<viz.data:MeasureDefinition name="MIS36" value="{local>CC_MIS_36}"/>
									<viz.data:MeasureDefinition name="MIS48" value="{local>CC_MIS_48}"/>
									<viz.data:MeasureDefinition name="MIS60" value="{local>CC_MIS_60}"/>
									<viz.data:MeasureDefinition name="MIS72" value="{local>CC_MIS_72}"/>
								</viz.data:measures>
							</viz.data:FlattenedDataset>
						</viz:dataset>
						<viz:feeds>
							<viz.feeds:FeedItem uid="valueAxis" type="Measure" values="MIS3"/>
							<viz.feeds:FeedItem uid="valueAxis" type="Measure" values="MIS6"/>
							<viz.feeds:FeedItem uid="valueAxis" type="Measure" values="MIS9"/>
							<viz.feeds:FeedItem uid="valueAxis" type="Measure" values="MIS12"/>
							<viz.feeds:FeedItem uid="valueAxis" type="Measure" values="MIS18"/>
							<viz.feeds:FeedItem uid="valueAxis" type="Measure" values="MIS24"/>
							<viz.feeds:FeedItem uid="valueAxis" type="Measure" values="MIS36"/>
							<viz.feeds:FeedItem uid="valueAxis" type="Measure" values="MIS48"/>
							<viz.feeds:FeedItem uid="valueAxis" type="Measure" values="MIS60"/>
								<viz.feeds:FeedItem uid="valueAxis" type="Measure" values="MIS72"/>
							<viz.feeds:FeedItem uid="categoryAxis" type="Dimension" values="Month"/>
						</viz:feeds>
					</viz:VizFrame>
					<layoutData>
						<l:GridData span="XL12 L12 M12 S4"/>
					</layoutData>
				</HBox>
			</l:content>
		</l:Grid>
	</VBox>
</core:FragmentDefinition>