<core:FragmentDefinition
	xmlns:core="sap.ui.core"
	xmlns:mvc="sap.ui.core.mvc"
	xmlns="sap.m"
	xmlns:html="http://www.w3.org/1999/xhtml"
	xmlns:l="sap.ui.layout"
	xmlns:f="sap.ui.layout.form" controllerName="DtnaAspRP_ss.controller.FailureRate"
	xmlns:viz.feeds="sap.viz.ui5.controls.common.feeds"
	xmlns:viz="sap.viz.ui5.controls"
	xmlns:viz.data="sap.viz.ui5.data">
	<VBox>
		<OverflowToolbar >
			
			<ToolbarSpacer/>
			<Title text="{i18n>titleFailureRate} : {FLModel>/VMRSDESC} " level="H3"/>
			<ToolbarSpacer/>
			<core:Icon src="sap-icon://hint" press="onRatePlanPopover" tooltip="View Rate Plan Info" class="size5" >
				<core:layoutData>
					<FlexItemData growFactor="1"/>
				</core:layoutData>
			</core:Icon>
		</OverflowToolbar>
		<OverflowToolbar >
			<HBox>
				<items>
					<HBox class="Vocation">
						<Label required="true" text=""></Label>
						<ComboBox class="cmbox" id="vocationChassis" placeholder="{i18n>Vocation}" selectedKey="{local>/FRChartSelection/vocation}">
							<items>
								<core:ListItem key="STANDARD" text="Standard"/>
								<core:ListItem key="MODERATE" text="Moderate"/>
								<core:ListItem key="LOGGING" text="Logging"/>
								<core:ListItem key="EXTREME" text="Extreme"/>
							</items>
						</ComboBox>
					</HBox>
					<HBox class="domicile">
						<Label required="true" text=""></Label>
						<ComboBox class="cmbox" id="domicileChassis" placeholder="{i18n>Domicile}"  selectedKey="{local>/FRChartSelection/domicile}">
							<items>
								<core:ListItem key="USA AND CAN" text="USA and Canada"/>
							</items>
						</ComboBox>
					</HBox>
					<HBox class="coverage">
						<Label required="true" text=""></Label>
						<ComboBox id="coverageChassis" class="cmbox"  placeholder="{i18n>Coverage}"  value="{local>/FRChartSelection/coverage}">
							<items>
								<core:ListItem text="EXTENDED BASIC VEHICLE"/>
								<core:ListItem text="EXTENDED BASIC VEHICLE WITHOUT PARKSMART"/>
								<core:ListItem text="EXT TOWING/ROADSIDE SERVICE"/>
								<core:ListItem text="EXT BASIC VEHICLE"/>
								<core:ListItem text="EXT AXLES FRONT/REAR"/>
								<core:ListItem text="EXT STARTER/ALTERNATOR"/>
								<core:ListItem text="EXT SUSPENSION, FT/RR"/>
								<core:ListItem text="EXT STEERING COMPONENTS"/>
								<core:ListItem text="EXT CAB/HOOD"/>
								<core:ListItem text="EXT BATTERY"/>
								<core:ListItem text="EXT COOLING, COMPLETE"/>
								<core:ListItem text="EXT WIRING COMPLETE"/>
								<core:ListItem text="EXT PARKSMART"/>
								<core:ListItem text="EXT CLIMATE CONTROL SYSTEM"/>
								<core:ListItem text="EXT CLIMATE CONTROL W/O PARKSMART"/>
								<core:ListItem text="EXT CHARGE AIR COOLER"/>
								<core:ListItem text="EXT EXHAUST SYSTEM"/>
								<core:ListItem text="EXT ICU"/>
								<core:ListItem text="EXT SEATS"/>
								<core:ListItem text="EXT CLIMATE CONTROL SYSTEM (LESS AUX HVAC)"/>
								<core:ListItem text="BATTERIES"/>
								<core:ListItem text="EXT CHOICE EXTENDED COVERAGE"/>
							</items>
						</ComboBox>
					</HBox>
					<HBox class="generatebtn">
						<Button text="{i18n>generateFailureRate}" class="refreshbtn" tooltip="{i18n>generateFailureRate}" press="generateFailureRate"/>
					</HBox>
				</items>
				<layoutData>
					<l:GridData span="XL12 L12 M12 S4"/>
				</layoutData>
			</HBox>
		</OverflowToolbar>
		<l:Grid id="chassisCostCurvegrid">
			<l:content>
				<HBox>
					<viz:VizFrame id="idVizFrameChassis24" vizType='line' width="574px" height="350px" class="lframe"
						vizProperties="{ title: {text : '24 Months  ', visible : true}, valueAxis: { title: { visible: true, text: 'Failure Rate (%)' } }, categoryAxis: { title: {   visible: true, text: 'In Service Months'}} }" 	 selectData="chartClick">
						<viz:dataset>
							<viz.data:FlattenedDataset data="{local>/failureRateChart24}">
								<viz.data:dimensions>
									<viz.data:DimensionDefinition name="Month" value="{local>CC_MM_YY}"/>
								</viz.data:dimensions>
								<viz.data:measures>
									<viz.data:MeasureDefinition name="MIS3" value="{local>CC_MIS_3}"/>
									<viz.data:MeasureDefinition name="MIS6" value="{local>CC_MIS_6}"/>
									<viz.data:MeasureDefinition name="MIS9" value="{local>CC_MIS_9}"/>
									<viz.data:MeasureDefinition name="MIS12" value="{local>CC_MIS_12}"/>
									<viz.data:MeasureDefinition name="MIS18" value="{local>CC_MIS_18}"/>
									<viz.data:MeasureDefinition name="MIS24" value="{local>CC_MIS_24}"/>
								</viz.data:measures>
							</viz.data:FlattenedDataset>
						</viz:dataset>
						<viz:feeds>
							<viz.feeds:FeedItem uid="valueAxis" type="Measure" values="MIS3"/>
							<viz.feeds:FeedItem uid="valueAxis" type="Measure" values="MIS6"/>
							<viz.feeds:FeedItem uid="valueAxis" type="Measure" values="MIS9"/>
							<viz.feeds:FeedItem uid="valueAxis" type="Measure" values="MIS12"/>
							<viz.feeds:FeedItem uid="valueAxis" type="Measure" values="MIS18"/>
							<viz.feeds:FeedItem uid="valueAxis" type="Measure" values="MIS24"/>
							<viz.feeds:FeedItem uid="categoryAxis" type="Dimension" values="Month"/>
						</viz:feeds>
						
						
					</viz:VizFrame>
					<viz:VizFrame id="idVizFrameChassis36" vizType='line' width="574px" height="350px" class="rframe"
						vizProperties="{ title: {text : '36 Months  ', visible : true}, valueAxis: { title: { visible: true, text: 'Failure Rate (%)' } },categoryAxis: { title: {   visible: true, text: 'In Service Months'}} }">
						<viz:dataset>
							<viz.data:FlattenedDataset data="{local>/failureRateChart36}">
								<viz.data:dimensions>
									<viz.data:DimensionDefinition name="Month" value="{local>CC_MM_YY}"/>
								</viz.data:dimensions>
								<viz.data:measures>
									<viz.data:MeasureDefinition name="MIS3" value="{local>CC_MIS_3}"/>
									<viz.data:MeasureDefinition name="MIS6" value="{local>CC_MIS_6}"/>
									<viz.data:MeasureDefinition name="MIS9" value="{local>CC_MIS_9}"/>
									<viz.data:MeasureDefinition name="MIS12" value="{local>CC_MIS_12}"/>
									<viz.data:MeasureDefinition name="MIS18" value="{local>CC_MIS_18}"/>
									<viz.data:MeasureDefinition name="MIS24" value="{local>CC_MIS_24}"/>
									<viz.data:MeasureDefinition name="MIS36" value="{local>CC_MIS_36}"/>
								</viz.data:measures>
							</viz.data:FlattenedDataset>
						</viz:dataset>
						<viz:feeds>
							<viz.feeds:FeedItem uid="valueAxis" type="Measure" values="MIS3"/>
							<viz.feeds:FeedItem uid="valueAxis" type="Measure" values="MIS6"/>
							<viz.feeds:FeedItem uid="valueAxis" type="Measure" values="MIS9"/>
							<viz.feeds:FeedItem uid="valueAxis" type="Measure" values="MIS12"/>
							<viz.feeds:FeedItem uid="valueAxis" type="Measure" values="MIS18"/>
							<viz.feeds:FeedItem uid="valueAxis" type="Measure" values="MIS24"/>
							<viz.feeds:FeedItem uid="valueAxis" type="Measure" values="MIS36"/>
							<viz.feeds:FeedItem uid="categoryAxis" type="Dimension" values="Month"/>
						</viz:feeds>
					</viz:VizFrame>
					<layoutData>
						<l:GridData span="XL12 L12 M12 S4"/>
					</layoutData>
				</HBox>
				<HBox>
					<viz:VizFrame id="idVizFrameChassis48" vizType='line' width="574px" height="350px" class="lframe"
						vizProperties="{ title: {text : '48 Months  ', visible : true}, valueAxis: { title: { visible: true, text: 'Failure Rate (%)' } },categoryAxis: { title: {   visible: true, text: 'In Service Months'}} }">
						<viz:dataset>
							<viz.data:FlattenedDataset data="{local>/failureRateChart48}">
								<viz.data:dimensions>
									<viz.data:DimensionDefinition name="Month" value="{local>CC_MM_YY}"/>
								</viz.data:dimensions>
								<viz.data:measures>
									<viz.data:MeasureDefinition name="MIS3" value="{local>CC_MIS_3}"/>
									<viz.data:MeasureDefinition name="MIS6" value="{local>CC_MIS_6}"/>
									<viz.data:MeasureDefinition name="MIS9" value="{local>CC_MIS_9}"/>
									<viz.data:MeasureDefinition name="MIS12" value="{local>CC_MIS_12}"/>
									<viz.data:MeasureDefinition name="MIS18" value="{local>CC_MIS_18}"/>
									<viz.data:MeasureDefinition name="MIS24" value="{local>CC_MIS_24}"/>
									<viz.data:MeasureDefinition name="MIS36" value="{local>CC_MIS_36}"/>
									<viz.data:MeasureDefinition name="MIS48" value="{local>CC_MIS_48}"/>
								</viz.data:measures>
							</viz.data:FlattenedDataset>
						</viz:dataset>
						<viz:feeds>
							<viz.feeds:FeedItem uid="valueAxis" type="Measure" values="MIS3"/>
							<viz.feeds:FeedItem uid="valueAxis" type="Measure" values="MIS6"/>
							<viz.feeds:FeedItem uid="valueAxis" type="Measure" values="MIS9"/>
							<viz.feeds:FeedItem uid="valueAxis" type="Measure" values="MIS12"/>
							<viz.feeds:FeedItem uid="valueAxis" type="Measure" values="MIS18"/>
							<viz.feeds:FeedItem uid="valueAxis" type="Measure" values="MIS24"/>
							<viz.feeds:FeedItem uid="valueAxis" type="Measure" values="MIS36"/>
							<viz.feeds:FeedItem uid="valueAxis" type="Measure" values="MIS48"/>
							<viz.feeds:FeedItem uid="categoryAxis" type="Dimension" values="Month"/>
						</viz:feeds>
					</viz:VizFrame>
					<viz:VizFrame id="idVizFrameChassis60" vizType='line' width="574px" height="350px" class="rframe"
						vizProperties="{ title: {text : '60 Months  ', visible : true}, valueAxis: { title: { visible: true, text: 'Failure Rate (%)' } },categoryAxis: { title: {   visible: true, text: 'In Service Months'}} }">
						<viz:dataset>
							<viz.data:FlattenedDataset data="{local>/failureRateChart60}">
								<viz.data:dimensions>
									<viz.data:DimensionDefinition name="Month" value="{local>CC_MM_YY}"/>
								</viz.data:dimensions>
								<viz.data:measures>
									<viz.data:MeasureDefinition name="MIS3" value="{local>CC_MIS_3}"/>
									<viz.data:MeasureDefinition name="MIS6" value="{local>CC_MIS_6}"/>
									<viz.data:MeasureDefinition name="MIS9" value="{local>CC_MIS_9}"/>
									<viz.data:MeasureDefinition name="MIS12" value="{local>CC_MIS_12}"/>
									<viz.data:MeasureDefinition name="MIS18" value="{local>CC_MIS_18}"/>
									<viz.data:MeasureDefinition name="MIS24" value="{local>CC_MIS_24}"/>
									<viz.data:MeasureDefinition name="MIS36" value="{local>CC_MIS_36}"/>
									<viz.data:MeasureDefinition name="MIS48" value="{local>CC_MIS_48}"/>
									<viz.data:MeasureDefinition name="MIS60" value="{local>CC_MIS_60}"/>
								</viz.data:measures>
							</viz.data:FlattenedDataset>
						</viz:dataset>
						<viz:feeds>
							<viz.feeds:FeedItem uid="valueAxis" type="Measure" values="MIS3"/>
							<viz.feeds:FeedItem uid="valueAxis" type="Measure" values="MIS6"/>
							<viz.feeds:FeedItem uid="valueAxis" type="Measure" values="MIS9"/>
							<viz.feeds:FeedItem uid="valueAxis" type="Measure" values="MIS12"/>
							<viz.feeds:FeedItem uid="valueAxis" type="Measure" values="MIS18"/>
							<viz.feeds:FeedItem uid="valueAxis" type="Measure" values="MIS24"/>
							<viz.feeds:FeedItem uid="valueAxis" type="Measure" values="MIS36"/>
							<viz.feeds:FeedItem uid="valueAxis" type="Measure" values="MIS48"/>
							<viz.feeds:FeedItem uid="valueAxis" type="Measure" values="MIS60"/>
							<viz.feeds:FeedItem uid="categoryAxis" type="Dimension" values="Month"/>
						</viz:feeds>
					</viz:VizFrame>
					<layoutData>
						<l:GridData span="XL12 L12 M12 S4"/>
					</layoutData>
				</HBox>
			</l:content>
		</l:Grid>
	</VBox>
</core:FragmentDefinition>