<core:FragmentDefinition xmlns:core="sap.ui.core" xmlns:mvc="sap.ui.core.mvc" xmlns="sap.m" xmlns:html="http://www.w3.org/1999/xhtml"
	xmlns:l="sap.ui.layout" xmlns:f="sap.ui.layout.form" controllerName="DtnaAspRP_ss.controller.FailureRate"
	xmlns:viz.feeds="sap.viz.ui5.controls.common.feeds" xmlns:viz="sap.viz.ui5.controls" xmlns:viz.data="sap.viz.ui5.data">
	<Dialog  class="FRoverlay" contentWidth="100%" title="{i18n>titleChart72FR}: {FLModel>/VMRSDESC}">
			<!--form-->
		
			<HBox class="form" visible="{= ${FLModel>/portfolio} === 'engine'}">
			<VBox>
				<HBox>
					<Label text='Vocation : ' class="lbl"></Label>
					<Text text=" {local>/FRChartSelection/vocation} " class="climratetext"></Text>
				</HBox>
				<HBox class="lwhbox">
					<Label text='Domicile : ' class="lbl"></Label>
					<Text text=" {local>/FRChartSelection/domicile} " class="climratetext"></Text>
				</HBox>
			</VBox>
			<VBox>
				<HBox>
					<Label text='Deductible : ' class="lbl"></Label>
					<Text text=" {local>/FRChartSelection/deductible} " class="climratetext"></Text>
				</HBox>
				<HBox class="lwhbox">
					<Label text='Torque : ' class="lbl"></Label>
					<Text text=" {local>/FRChartSelection/torque} " class="climratetext"></Text>
				</HBox>
			</VBox>
			<VBox>
				<HBox>
					<Label text='Coverage : ' class="lbl"></Label>
					<Text text=" {local>/FRChartSelection/coverage} " class="climratetext"></Text>
				</HBox>
			</VBox>
		</HBox>
		<HBox class="form" visible="{= ${FLModel>/portfolio} === 'chassis'}">
			<VBox>
				<HBox>
					<Label text=' Vocation : ' class="lbl"></Label>
					<Text text="  {local>/FRChartSelection/vocation} " class="climratetext"></Text>
				</HBox>
				<HBox class="lwhbox">
					<Label text='Domicile : ' class="lbl"></Label>
					<Text text=" {local>/FRChartSelection/domicile} " class="climratetext"></Text>
				</HBox>
			</VBox>
			<VBox>
				<HBox>
					<Label text='Coverage : ' class="lbl"></Label>
					<Text text=" {local>/FRChartSelection/coverage} " class="climratetext"></Text>
				</HBox>
			</VBox>
		</HBox>
		<!--Form-->
		<viz:VizFrame vizType='line'
			vizProperties="{ title: {text : ' ', visible : false}, valueAxis: { title: { visible: true, text: 'Failure Rate (%)' } },categoryAxis: { title: {   visible: true, text: 'In Service Months'}} }"
			selectData="chartClick" id="vizChart72" width="90%" class="overlayChart">
		<viz:dataset>
							<viz.data:FlattenedDataset data="{local>/failureRateChart60}">
								<viz.data:dimensions>
									<viz.data:DimensionDefinition name="Month" value="{local>CC_MM_YY}"/>
								</viz.data:dimensions>
								<viz.data:measures>
									<viz.data:MeasureDefinition name="MIS3" value="{local>CC_MIS_3}"/>
									<viz.data:MeasureDefinition name="MIS6" value="{local>CC_MIS_6}"/>
									<viz.data:MeasureDefinition name="MIS9" value="{local>CC_MIS_9}"/>
									<viz.data:MeasureDefinition name="MIS12" value="{local>CC_MIS_12}"/>
									<viz.data:MeasureDefinition name="MIS18" value="{local>CC_MIS_18}"/>
									<viz.data:MeasureDefinition name="MIS24" value="{local>CC_MIS_24}"/>
									<viz.data:MeasureDefinition name="MIS36" value="{local>CC_MIS_36}"/>
									<viz.data:MeasureDefinition name="MIS48" value="{local>CC_MIS_48}"/>
									<viz.data:MeasureDefinition name="MIS60" value="{local>CC_MIS_60}"/>
									<viz.data:MeasureDefinition name="MIS72" value="{local>CC_MIS_72}"/>
								</viz.data:measures>
							</viz.data:FlattenedDataset>
						</viz:dataset>
						<viz:feeds>
							<viz.feeds:FeedItem uid="valueAxis" type="Measure" values="MIS3"/>
							<viz.feeds:FeedItem uid="valueAxis" type="Measure" values="MIS6"/>
							<viz.feeds:FeedItem uid="valueAxis" type="Measure" values="MIS9"/>
							<viz.feeds:FeedItem uid="valueAxis" type="Measure" values="MIS12"/>
							<viz.feeds:FeedItem uid="valueAxis" type="Measure" values="MIS18"/>
							<viz.feeds:FeedItem uid="valueAxis" type="Measure" values="MIS24"/>
							<viz.feeds:FeedItem uid="valueAxis" type="Measure" values="MIS36"/>
							<viz.feeds:FeedItem uid="valueAxis" type="Measure" values="MIS48"/>
							<viz.feeds:FeedItem uid="valueAxis" type="Measure" values="MIS60"/>
								<viz.feeds:FeedItem uid="valueAxis" type="Measure" values="MIS72"/>
							<viz.feeds:FeedItem uid="categoryAxis" type="Dimension" values="Month"/>
						</viz:feeds>
		</viz:VizFrame>
		<Table showNoData="false" width="100%" class="overlayTableHeader">
			<columns>
				<Column hAlign="Center">
					<header>
						<Label text="72 Month : {FLModel>/VMRSDESC}"/>
					</header>
				</Column>
			</columns>
		</Table>
		<Table width="100%" class="overlayTableItem" items="{ path: 'local>/AdjData', sorter: { path: 'YEAR', descending: false}}" id="techAdjTable72">
			<columns>
				<Column hAlign="Center" width="3em">
					<header>
						<Text text="{i18n>inServiceYear}" renderWhitespace="true"/>
					</header>
				</Column>
				<Column hAlign="Center" width="3em">
					<header>
						<Text text="{i18n>Units}"/>
					</header>
				</Column>
				<Column hAlign="Center" width="3em">
					<header>
						<Text text="{i18n>MIS12}"/>
					</header>
				</Column>
				<Column hAlign="Center" width="3em">
					<header>
						<Text text="{i18n>MIS24}"/>
					</header>
				</Column>
				<Column hAlign="Center" width="3em">
					<header>
						<Text text="{i18n>MIS36}"/>
					</header>
				</Column>
				<Column hAlign="Center" width="3em">
					<header>
						<Text text="{i18n>MIS48}"/>
					</header>
				</Column>
					<Column hAlign="Center" width="3em">
					<header>
						<Text text="{i18n>MIS60}"/>
					</header>
				</Column>
					<Column hAlign="Center" width="3em">
					<header>
						<Text text="{i18n>MIS72}"/>
					</header>
				</Column>
				<Column hAlign="Center" width="6em">
					<header>
						<Text text="{i18n>TechAdj1}" renderWhitespace="true"/>
					</header>
				</Column>
				<Column hAlign="Center" width="5em">
					<header>
							<Text text="{i18n>comment1}"/>
					</header>
				</Column>
				<Column hAlign="Center" width="3em">
					<header>
						<Text text="{i18n>realFailureRate}" renderWhitespace="true"/>
					</header>
				</Column>
				<Column hAlign="Center" width="6em">
					<header>
						<Text text="{i18n>TechAdj2}" renderWhitespace="true"/>
					</header>
				</Column>
				<Column hAlign="Center" width="5em">
					<header>
							<Text text="{i18n>comment2}"/>
					</header>
				</Column>
				<Column hAlign="Center" width="4em">
					<header>
						<Text text="{i18n>strategicFailureRate}" renderWhitespace="true"/>
					</header>
				</Column>
			</columns>
			<items>
				<ColumnListItem>
					<cells>
						<Text text="{local>YEAR}"/>
						<Text text="{local>EW_UNITS}"/>
						<Text text="{local>CC_MIS_12_VAL} %"/>
						<Text text="{local>CC_MIS_24_VAL} %"/>
						<Text text="{local>CC_MIS_36_VAL} %"/>
						<Text text="{local>CC_MIS_48_VAL} %"/>
						<Text text="{local>CC_MIS_60_VAL} %"/>
						<Text text="{local>CC_MIS_72_VAL} %"/>
							<Input type="Number"
							value="{ path: 'local>CC_TECH_ADJ1_OUT', type: 'sap.ui.model.type.Float', formatOptions: { maxFractionDigits: 2, minFractionDigits: 2 } }"
							liveChange="onTechAdj1LiveChange" change="onTechAdj1Change" valueState="{local>state1}"></Input>
							
						<HBox class="editIcon">
						<Input value="{local>CC_TECH_ADJ1_CMT_OUT}" tooltip="{local>CC_TECH_ADJ1_CMT_OUT}"   valueState="{local>state1}" valueStateText="{i18n>commentFieldError}" liveChange="onValueTechCommentChange"/>
							
							<core:Icon src="sap-icon://edit" color="#031E48" press="openTechAdjComment1" tooltip="Edit"></core:Icon>
						</HBox>
						<Text text="{local>CC_REAL_FAILURE_RATE} %"/>
						<Input type="Number"
							value="{ path: 'local>CC_TECH_ADJ2_OUT', type: 'sap.ui.model.type.Float', formatOptions: { maxFractionDigits: 2, minFractionDigits: 2 }}"
							liveChange="onTechAdj2LiveChange" change="onTechAdj2Change" valueState="{local>state2}"></Input>
						<HBox class="editIcon">
							<Input value="{local>CC_TECH_ADJ2_CMT_OUT}" tooltip="{local>CC_TECH_ADJ2_CMT_OUT}"   valueState="{local>state2}" valueStateText="{i18n>commentFieldError}" liveChange="onValueTechCommentChange"/>
							<core:Icon src="sap-icon://edit" color="#031E48" press="openTechAdjComment2" tooltip="Edit"></core:Icon>
						</HBox>
							<Text text="{ path:'local>CC_STRATAGIC_FAILURE_RATE',type: 'sap.ui.model.type.Float', formatOptions: { maxFractionDigits: 2, minFractionDigits: 2 } } %"/>
					</cells>
				</ColumnListItem>
			</items>
		</Table>
		<l:Grid>
			<l:content>
				
				<Button text="Save" id="save72" press="save72" width="240px">
					<layoutData>
						<l:GridData span="XL4 L4 M4 S6" 
						indent="M5"
								indentXL="5"
								indentL="5"
						/>
					</layoutData>
				</Button>
				</l:content>
				</l:Grid>
	</Dialog>
</core:FragmentDefinition>