<core:FragmentDefinition
	xmlns="sap.m"
	xmlns:core="sap.ui.core"
	xmlns:l="sap.ui.layout"
	xmlns:f="sap.ui.layout.form">
	<ResponsivePopover title="Rate Plan Info" class="sapUiPopupWithPadding" placement="Bottom">
		<!--<endButton><Button text="Close" press="handleCloseButton"/></endButton>-->
		<content>
			<f:Form class="revform" id="infopopover" editable="false" width="330px" binding="{local>/ViewRatePlan}">
				<f:layout>
					<f:ResponsiveGridLayout 
					labelSpanXL="3"
					labelSpanL="3"
					labelSpanM="3"
					labelSpanS="6"
					adjustLabelSpan="false"
					emptySpanXL="4"
					emptySpanL="4"
					emptySpanM="4"
					emptySpanS="0"
					columnsXL="1"
					columnsL="1"
					columnsM="1"
					singleContainerFullSize="false"/>
				</f:layout>
				<f:formContainers>
					<f:FormContainer>
						<f:formElements>
							<f:FormElement label="Rate Plan">
								<f:fields >
									<Text text="{local>RATE_PLAN_TERM} "/>
								</f:fields>
							</f:FormElement>
							<f:FormElement label="Rate Plan ID" >
								<f:fields >
									<Text text=" {local>RATE_PLAN_ID} "/>
								</f:fields>
							</f:FormElement>
							<f:FormElement label="Base Line Year">
								<f:fields >
									<Text text="{local>BASELINE_YEAR}"/>
								</f:fields>
							</f:FormElement>
							<f:FormElement label="Cut-Off Date">
								<f:fields>
									<Text text=" {local>RATE_PLAN_CUTOFF_DT} "/>
								</f:fields>
							</f:FormElement>
							<f:FormElement label="Portfolio">
								<f:fields>
									<Text text=" {local>PORTFOLIO_NAME} "/>
								</f:fields>
							</f:FormElement>
							<f:FormElement label="Product Type">
								<f:fields>
									<Text text=" {local>PRODUCT_TYPE} "/>
								</f:fields>
							</f:FormElement>
							<f:FormElement label="Status">
								<f:fields>
									<Text text=" {local>RATE_PLAN_STATUS} "/>
								</f:fields>
							</f:FormElement>
							<f:FormElement label="Created By">
								<f:fields>
									<Text text=" {local>CREATED_USER} "/>
								</f:fields>
							</f:FormElement>
							<f:FormElement label="Created On">
								<f:fields>
									<Text text=" {local>CREATED_DT} "/>
								</f:fields>
							</f:FormElement>
							<f:FormElement label="Last Updated By">
								<f:fields>
									<Text text=" {local>MODIFIED_USER} "/>
								</f:fields>
							</f:FormElement>
							<f:FormElement label="Last Updated On">
								<f:fields>
									<Text text="{local>MODIFIED_DT}"/>
								</f:fields>
							</f:FormElement>
						</f:formElements>
					</f:FormContainer>
				</f:formContainers>
			</f:Form>
		</content>
	</ResponsivePopover>
</core:FragmentDefinition>