<core:FragmentDefinition xmlns="sap.m" xmlns:core="sap.ui.core">
	<ResponsivePopover title="Add Comment" class="sapUiPopupWithPadding" placement="Right" afterClose="onAfterCommentClose">
		<beginButton>
			<Button text="Save" press="handleSavePress2"/>
		</beginButton>
		<endButton>
			<Button text="Cancel" press="handleCancelPress"/>
		</endButton>
		<content>
			<TextArea id="comment" value="" showExceededText="true" maxLength="200" width="100%"
				liveChange="handleLiveChange" valueState="None" valueLiveUpdate="true"/>
		</content>
	</ResponsivePopover>
</core:FragmentDefinition>