<core:FragmentDefinition
	xmlns:mvc="sap.ui.core.mvc"
	xmlns:core="sap.ui.core"
	xmlns="sap.m"
	xmlns:micro="sap.suite.ui.microchart"
	xmlns:l="sap.ui.layout"
	xmlns:html="http://www.w3.org/1999/xhtml">
	xmlns:viz.data="sap.viz.ui5.data">
	<l:Grid id="paretogrid" >
		<VBox >
			<OverflowToolbar >
				<ToolbarSpacer/>
				<Button icon="sap-icon://hint" press="onRatePlanPopover"  class = "ViewRatePlan" tooltip="View Rate Plan Info"/>
				<!--<core:Icon src="sap-icon://hint" press="onRatePlanPopover"  tooltip="View Rate Plan Info"/>-->
			</OverflowToolbar>
			<Table class = "vmrsplottable" noDataText=" " showNoData="false">
				<columns>
					<Column demandPopin="true" minScreenWidth="Tablet"  width = "12em" hAlign="Center">
						<Text text="{i18n>vmrscode}" />
					</Column>
					<Column demandPopin="true" minScreenWidth="Tablet"  width = "20em" hAlign="Center" >
						<Text text="{i18n>vmrsdesc}" />
					</Column>
					<Column demandPopin="true" minScreenWidth="Tablet" width = "10em" hAlign="Center">  
						<Text text="{i18n>blclaim}"/>
					</Column>
					<Column demandPopin="true" minScreenWidth="Tablet"   width = "8em" hAlign="Center" >
						<Text text="{i18n>blew}" />
					</Column>
					<Column demandPopin="true" minScreenWidth="Tablet"  width = "6em" hAlign="Center">
						<Text text="{i18n>rank} ({local>/ViewRatePlan/BASELINE_YEAR})"  />
					</Column>
					<Column demandPopin="true" minScreenWidth="Tablet" hAlign="Center" >
						<Text text="{i18n>trend}"/>
					</Column>
				</columns>
			</Table>
			<ScrollContainer height="24rem" vertical="true" class="scrollcontainer">
				<Table id="vmrscodetab" enableSelectAll = "false" class= "paretotab" items="{ path: 'local>/pareto',	sorter: { path: 'RANK', descending: false}}"  mode= "MultiSelect" growing="true" growingThreshold="100"  noDataText=" " showNoData="false">
					<columns>
						<Column  width = "10em"/>
						<Column  width = "20em" />
						<Column  width = "10em"/>
						<Column  width = "8em"/>
						<Column  width = "6em"/>
						<Column/>
					</columns>
					<items>
						<ColumnListItem vAlign="Middle"   selected = "{= ${local>SELECTION_FLAG} === 1 ? true:false}">
							<cells>
								<Text text="{local>VMRS_33_CD}" class="paretoRowText"/>
								<Text text="{local>VMRS_33_ASSEMB_DESC}"  class="paretoRowTextDesc"/>
								<Text text="{local>CLAIM_COUNT}" textAlign="Center" class="paretoRowTextClaim"/>
								<Text text="$ {path:'local>SUM_EXT_CLAIM_COST_USD',type:'sap.ui.model.type.Float', formatOptions: {maxFractionDigits: 0}}" textAlign="Center" class="paretoRowText"/>
								<Text text="{local>RANK}" textAlign="Center" class="paretoRowTextRank"/>
								<!--<FlexBox height="70px" width="170px"><items><micro:InteractiveLineChart points="{local>chart}" selectionChanged="selectionChanged" press="press" templateShareable="false"><micro:points><micro:InteractiveLineChartPoint value="{local>xaxis}" label="{local>yaxis}"/></micro:points></micro:InteractiveLineChart></items></FlexBox>-->
								<FlexBox height="130px" width="100%">
									<!--	<micro:LineMicroChart threshold="40" points="{/chart}" size="Responsive" app:name="line" press="press" leftTopLabel="0M"
										leftBottomLabel="June 1" rightTopLabel="80M" rightBottomLabel="June 30"><micro:points ><micro:LineMicroChartEmphasizedPoint x="{xaxis}" y="{yaxis}" color="Error" show="true"/></micro:points></micro:LineMicroChart>-->
									<micro:InteractiveLineChart points="{path:'local>rankInfo', templateShareable:true}" visible="true">
										<micro:points>
											<micro:InteractiveLineChartPoint value="{local>rank}" label="{local>yr}"/>
										</micro:points>
									</micro:InteractiveLineChart>
								</FlexBox>
							</cells>
						</ColumnListItem>
					</items>
				</Table>
			</ScrollContainer>
			<layoutData>
				<l:GridData span="L12 M12 S12"/>
			</layoutData>
		</VBox>
		<Button text="Select VMRS for Rate Planning" visible="{= ${local>/rateplanvisibility/createRatePlanScreen} === 3  ? false : true}" press="viewRatePlanning"/> 
		<Button text="Select ALL VMRSs" visible="{= ${local>/rateplanvisibility/createRatePlanScreen} === 3  ? false : true}" press="onSelectAllVMRS"/>
	</l:Grid>
</core:FragmentDefinition>