{
"d": {
"results": [
{
"__metadata": {
"type": "DTNA_PRD.Aftermarket.ASP.SS_Views.Costing.WebServices.ASPRATEPLAN.EXP_PLOTType",
"uri": "http://10.65.30.77:8006/DTNA_PRD/Aftermarket/ASP/SS_Views/Costing/WebServices/ASPRATEPLAN.xsodata/EXP_PLOT('29251699495643631')"
},
"ID": "29251699495643631",
"PRD_TYP_CD": "CHASSIS",
"RATE_PLAN_CUTOFF_DATE": "/Date(1541030400000)/",
"IN_SRVC_YR": "2013",
"VOC_CATEGORY": "STANDARD",
"DOMCL_CNTRY_CD": "USA AND CAN",
"PRODUCT_TYPE": "HD",
"ENGINE_TORQUE": "",
"DEDUCT_AMT": 0,
"CVRG_GROUP": "EXTENDED BASIC VEHICLE",
"CVRG_MONTHS": 24,
"MIS": 1,
"TOTAL_UNITS": 90,
"VMRS_GROUP": "032-002-001",
"VMRS_GROUP_DESC": "MOTOR ASSEMBLY - STARTER",
"ACTIVE_UNITS": 90,
"RATE_PLAN_ID": 5820,
"TW_PER_UNIT": "5",
"BW_PER_UNIT": "5",
"EW_PER_UNIT": "0"
},
{
"__metadata": {
"type": "DTNA_PRD.Aftermarket.ASP.SS_Views.Costing.WebServices.ASPRATEPLAN.EXP_PLOTType",
"uri": "http://10.65.30.77:8006/DTNA_PRD/Aftermarket/ASP/SS_Views/Costing/WebServices/ASPRATEPLAN.xsodata/EXP_PLOT('29251699495643632')"
},
"ID": "29251699495643632",
"PRD_TYP_CD": "CHASSIS",
"RATE_PLAN_CUTOFF_DATE": "/Date(1541030400000)/",
"IN_SRVC_YR": "2013",
"VOC_CATEGORY": "STANDARD",
"DOMCL_CNTRY_CD": "USA AND CAN",
"PRODUCT_TYPE": "HD",
"ENGINE_TORQUE": "",
"DEDUCT_AMT": 0,
"CVRG_GROUP": "EXTENDED BASIC VEHICLE",
"CVRG_MONTHS": 24,
"MIS": 2,
"TOTAL_UNITS": 90,
"VMRS_GROUP": "032-002-001",
"VMRS_GROUP_DESC": "MOTOR ASSEMBLY - STARTER",
"ACTIVE_UNITS": 90,
"RATE_PLAN_ID": 5820,
"TW_PER_UNIT": "15",
"BW_PER_UNIT": "15",
"EW_PER_UNIT": "0"
},
{
"__metadata": {
"type": "DTNA_PRD.Aftermarket.ASP.SS_Views.Costing.WebServices.ASPRATEPLAN.EXP_PLOTType",
"uri": "http://10.65.30.77:8006/DTNA_PRD/Aftermarket/ASP/SS_Views/Costing/WebServices/ASPRATEPLAN.xsodata/EXP_PLOT('29251699495643633')"
},
"ID": "29251699495643633",
"PRD_TYP_CD": "CHASSIS",
"RATE_PLAN_CUTOFF_DATE": "/Date(1541030400000)/",
"IN_SRVC_YR": "2013",
"VOC_CATEGORY": "STANDARD",
"DOMCL_CNTRY_CD": "USA AND CAN",
"PRODUCT_TYPE": "HD",
"ENGINE_TORQUE": "",
"DEDUCT_AMT": 0,
"CVRG_GROUP": "EXTENDED BASIC VEHICLE",
"CVRG_MONTHS": 24,
"MIS": 3,
"TOTAL_UNITS": 90,
"VMRS_GROUP": "032-002-001",
"VMRS_GROUP_DESC": "MOTOR ASSEMBLY - STARTER",
"ACTIVE_UNITS": 90,
"RATE_PLAN_ID": 5820,
"TW_PER_UNIT": "35",
"BW_PER_UNIT": "35",
"EW_PER_UNIT": "0"
},
{
"__metadata": {
"type": "DTNA_PRD.Aftermarket.ASP.SS_Views.Costing.WebServices.ASPRATEPLAN.EXP_PLOTType",
"uri": "http://10.65.30.77:8006/DTNA_PRD/Aftermarket/ASP/SS_Views/Costing/WebServices/ASPRATEPLAN.xsodata/EXP_PLOT('29251699495643634')"
},
"ID": "29251699495643634",
"PRD_TYP_CD": "CHASSIS",
"RATE_PLAN_CUTOFF_DATE": "/Date(1541030400000)/",
"IN_SRVC_YR": "2013",
"VOC_CATEGORY": "STANDARD",
"DOMCL_CNTRY_CD": "USA AND CAN",
"PRODUCT_TYPE": "HD",
"ENGINE_TORQUE": "",
"DEDUCT_AMT": 0,
"CVRG_GROUP": "EXTENDED BASIC VEHICLE",
"CVRG_MONTHS": 24,
"MIS": 4,
"TOTAL_UNITS": 90,
"VMRS_GROUP": "032-002-001",
"VMRS_GROUP_DESC": "MOTOR ASSEMBLY - STARTER",
"ACTIVE_UNITS": 90,
"RATE_PLAN_ID": 5820,
"TW_PER_UNIT": "40",
"BW_PER_UNIT": "40",
"EW_PER_UNIT": "0"
},
{
"__metadata": {
"type": "DTNA_PRD.Aftermarket.ASP.SS_Views.Costing.WebServices.ASPRATEPLAN.EXP_PLOTType",
"uri": "http://10.65.30.77:8006/DTNA_PRD/Aftermarket/ASP/SS_Views/Costing/WebServices/ASPRATEPLAN.xsodata/EXP_PLOT('29251699495643635')"
},
"ID": "29251699495643635",
"PRD_TYP_CD": "CHASSIS",
"RATE_PLAN_CUTOFF_DATE": "/Date(1541030400000)/",
"IN_SRVC_YR": "2013",
"VOC_CATEGORY": "STANDARD",
"DOMCL_CNTRY_CD": "USA AND CAN",
"PRODUCT_TYPE": "HD",
"ENGINE_TORQUE": "",
"DEDUCT_AMT": 0,
"CVRG_GROUP": "EXTENDED BASIC VEHICLE",
"CVRG_MONTHS": 24,
"MIS": 5,
"TOTAL_UNITS": 90,
"VMRS_GROUP": "032-002-001",
"VMRS_GROUP_DESC": "MOTOR ASSEMBLY - STARTER",
"ACTIVE_UNITS": 90,
"RATE_PLAN_ID": 5820,
"TW_PER_UNIT": "75",
"BW_PER_UNIT": "66",
"EW_PER_UNIT": "8"
},
{
"__metadata": {
"type": "DTNA_PRD.Aftermarket.ASP.SS_Views.Costing.WebServices.ASPRATEPLAN.EXP_PLOTType",
"uri": "http://10.65.30.77:8006/DTNA_PRD/Aftermarket/ASP/SS_Views/Costing/WebServices/ASPRATEPLAN.xsodata/EXP_PLOT('29251699495643636')"
},
"ID": "29251699495643636",
"PRD_TYP_CD": "CHASSIS",
"RATE_PLAN_CUTOFF_DATE": "/Date(1541030400000)/",
"IN_SRVC_YR": "2013",
"VOC_CATEGORY": "STANDARD",
"DOMCL_CNTRY_CD": "USA AND CAN",
"PRODUCT_TYPE": "HD",
"ENGINE_TORQUE": "",
"DEDUCT_AMT": 0,
"CVRG_GROUP": "EXTENDED BASIC VEHICLE",
"CVRG_MONTHS": 24,
"MIS": 6,
"TOTAL_UNITS": 90,
"VMRS_GROUP": "032-002-001",
"VMRS_GROUP_DESC": "MOTOR ASSEMBLY - STARTER",
"ACTIVE_UNITS": 90,
"RATE_PLAN_ID": 5820,
"TW_PER_UNIT": "95",
"BW_PER_UNIT": "71",
"EW_PER_UNIT": "25"
},
{
"__metadata": {
"type": "DTNA_PRD.Aftermarket.ASP.SS_Views.Costing.WebServices.ASPRATEPLAN.EXP_PLOTType",
"uri": "http://10.65.30.77:8006/DTNA_PRD/Aftermarket/ASP/SS_Views/Costing/WebServices/ASPRATEPLAN.xsodata/EXP_PLOT('29251699495643637')"
},
"ID": "29251699495643637",
"PRD_TYP_CD": "CHASSIS",
"RATE_PLAN_CUTOFF_DATE": "/Date(1541030400000)/",
"IN_SRVC_YR": "2013",
"VOC_CATEGORY": "STANDARD",
"DOMCL_CNTRY_CD": "USA AND CAN",
"PRODUCT_TYPE": "HD",
"ENGINE_TORQUE": "",
"DEDUCT_AMT": 0,
"CVRG_GROUP": "EXTENDED BASIC VEHICLE",
"CVRG_MONTHS": 24,
"MIS": 7,
"TOTAL_UNITS": 90,
"VMRS_GROUP": "032-002-001",
"VMRS_GROUP_DESC": "MOTOR ASSEMBLY - STARTER",
"ACTIVE_UNITS": 90,
"RATE_PLAN_ID": 5820,
"TW_PER_UNIT": "117",
"BW_PER_UNIT": "92",
"EW_PER_UNIT": "25"
},
{
"__metadata": {
"type": "DTNA_PRD.Aftermarket.ASP.SS_Views.Costing.WebServices.ASPRATEPLAN.EXP_PLOTType",
"uri": "http://10.65.30.77:8006/DTNA_PRD/Aftermarket/ASP/SS_Views/Costing/WebServices/ASPRATEPLAN.xsodata/EXP_PLOT('29251699495643638')"
},
"ID": "29251699495643638",
"PRD_TYP_CD": "CHASSIS",
"RATE_PLAN_CUTOFF_DATE": "/Date(1541030400000)/",
"IN_SRVC_YR": "2013",
"VOC_CATEGORY": "STANDARD",
"DOMCL_CNTRY_CD": "USA AND CAN",
"PRODUCT_TYPE": "HD",
"ENGINE_TORQUE": "",
"DEDUCT_AMT": 0,
"CVRG_GROUP": "EXTENDED BASIC VEHICLE",
"CVRG_MONTHS": 24,
"MIS": 8,
"TOTAL_UNITS": 90,
"VMRS_GROUP": "032-002-001",
"VMRS_GROUP_DESC": "MOTOR ASSEMBLY - STARTER",
"ACTIVE_UNITS": 90,
"RATE_PLAN_ID": 5820,
"TW_PER_UNIT": "136",
"BW_PER_UNIT": "101",
"EW_PER_UNIT": "35"
},
{
"__metadata": {
"type": "DTNA_PRD.Aftermarket.ASP.SS_Views.Costing.WebServices.ASPRATEPLAN.EXP_PLOTType",
"uri": "http://10.65.30.77:8006/DTNA_PRD/Aftermarket/ASP/SS_Views/Costing/WebServices/ASPRATEPLAN.xsodata/EXP_PLOT('29251699495643639')"
},
"ID": "29251699495643639",
"PRD_TYP_CD": "CHASSIS",
"RATE_PLAN_CUTOFF_DATE": "/Date(1541030400000)/",
"IN_SRVC_YR": "2013",
"VOC_CATEGORY": "STANDARD",
"DOMCL_CNTRY_CD": "USA AND CAN",
"PRODUCT_TYPE": "HD",
"ENGINE_TORQUE": "",
"DEDUCT_AMT": 0,
"CVRG_GROUP": "EXTENDED BASIC VEHICLE",
"CVRG_MONTHS": 24,
"MIS": 9,
"TOTAL_UNITS": 90,
"VMRS_GROUP": "032-002-001",
"VMRS_GROUP_DESC": "MOTOR ASSEMBLY - STARTER",
"ACTIVE_UNITS": 90,
"RATE_PLAN_ID": 5820,
"TW_PER_UNIT": "148",
"BW_PER_UNIT": "106",
"EW_PER_UNIT": "41"
},
{
"__metadata": {
"type": "DTNA_PRD.Aftermarket.ASP.SS_Views.Costing.WebServices.ASPRATEPLAN.EXP_PLOTType",
"uri": "http://10.65.30.77:8006/DTNA_PRD/Aftermarket/ASP/SS_Views/Costing/WebServices/ASPRATEPLAN.xsodata/EXP_PLOT('292516994956436310')"
},
"ID": "292516994956436310",
"PRD_TYP_CD": "CHASSIS",
"RATE_PLAN_CUTOFF_DATE": "/Date(1541030400000)/",
"IN_SRVC_YR": "2013",
"VOC_CATEGORY": "STANDARD",
"DOMCL_CNTRY_CD": "USA AND CAN",
"PRODUCT_TYPE": "HD",
"ENGINE_TORQUE": "",
"DEDUCT_AMT": 0,
"CVRG_GROUP": "EXTENDED BASIC VEHICLE",
"CVRG_MONTHS": 24,
"MIS": 10,
"TOTAL_UNITS": 90,
"VMRS_GROUP": "032-002-001",
"VMRS_GROUP_DESC": "MOTOR ASSEMBLY - STARTER",
"ACTIVE_UNITS": 90,
"RATE_PLAN_ID": 5820,
"TW_PER_UNIT": "189",
"BW_PER_UNIT": "124",
"EW_PER_UNIT": "65"
},
{
"__metadata": {
"type": "DTNA_PRD.Aftermarket.ASP.SS_Views.Costing.WebServices.ASPRATEPLAN.EXP_PLOTType",
"uri": "http://10.65.30.77:8006/DTNA_PRD/Aftermarket/ASP/SS_Views/Costing/WebServices/ASPRATEPLAN.xsodata/EXP_PLOT('292516994956436311')"
},
"ID": "292516994956436311",
"PRD_TYP_CD": "CHASSIS",
"RATE_PLAN_CUTOFF_DATE": "/Date(1541030400000)/",
"IN_SRVC_YR": "2013",
"VOC_CATEGORY": "STANDARD",
"DOMCL_CNTRY_CD": "USA AND CAN",
"PRODUCT_TYPE": "HD",
"ENGINE_TORQUE": "",
"DEDUCT_AMT": 0,
"CVRG_GROUP": "EXTENDED BASIC VEHICLE",
"CVRG_MONTHS": 24,
"MIS": 11,
"TOTAL_UNITS": 90,
"VMRS_GROUP": "032-002-001",
"VMRS_GROUP_DESC": "MOTOR ASSEMBLY - STARTER",
"ACTIVE_UNITS": 90,
"RATE_PLAN_ID": 5820,
"TW_PER_UNIT": "224",
"BW_PER_UNIT": "138",
"EW_PER_UNIT": "86"
},
{
"__metadata": {
"type": "DTNA_PRD.Aftermarket.ASP.SS_Views.Costing.WebServices.ASPRATEPLAN.EXP_PLOTType",
"uri": "http://10.65.30.77:8006/DTNA_PRD/Aftermarket/ASP/SS_Views/Costing/WebServices/ASPRATEPLAN.xsodata/EXP_PLOT('292516994956436312')"
},
"ID": "292516994956436312",
"PRD_TYP_CD": "CHASSIS",
"RATE_PLAN_CUTOFF_DATE": "/Date(1541030400000)/",
"IN_SRVC_YR": "2013",
"VOC_CATEGORY": "STANDARD",
"DOMCL_CNTRY_CD": "USA AND CAN",
"PRODUCT_TYPE": "HD",
"ENGINE_TORQUE": "",
"DEDUCT_AMT": 0,
"CVRG_GROUP": "EXTENDED BASIC VEHICLE",
"CVRG_MONTHS": 24,
"MIS": 12,
"TOTAL_UNITS": 90,
"VMRS_GROUP": "032-002-001",
"VMRS_GROUP_DESC": "MOTOR ASSEMBLY - STARTER",
"ACTIVE_UNITS": 90,
"RATE_PLAN_ID": 5820,
"TW_PER_UNIT": "230",
"BW_PER_UNIT": "138",
"EW_PER_UNIT": "93"
},
{
"__metadata": {
"type": "DTNA_PRD.Aftermarket.ASP.SS_Views.Costing.WebServices.ASPRATEPLAN.EXP_PLOTType",
"uri": "http://10.65.30.77:8006/DTNA_PRD/Aftermarket/ASP/SS_Views/Costing/WebServices/ASPRATEPLAN.xsodata/EXP_PLOT('292516994956436313')"
},
"ID": "292516994956436313",
"PRD_TYP_CD": "CHASSIS",
"RATE_PLAN_CUTOFF_DATE": "/Date(1541030400000)/",
"IN_SRVC_YR": "2013",
"VOC_CATEGORY": "STANDARD",
"DOMCL_CNTRY_CD": "USA AND CAN",
"PRODUCT_TYPE": "HD",
"ENGINE_TORQUE": "",
"DEDUCT_AMT": 0,
"CVRG_GROUP": "EXTENDED BASIC VEHICLE",
"CVRG_MONTHS": 24,
"MIS": 13,
"TOTAL_UNITS": 90,
"VMRS_GROUP": "032-002-001",
"VMRS_GROUP_DESC": "MOTOR ASSEMBLY - STARTER",
"ACTIVE_UNITS": 90,
"RATE_PLAN_ID": 5820,
"TW_PER_UNIT": "259",
"BW_PER_UNIT": "138",
"EW_PER_UNIT": "121"
},
{
"__metadata": {
"type": "DTNA_PRD.Aftermarket.ASP.SS_Views.Costing.WebServices.ASPRATEPLAN.EXP_PLOTType",
"uri": "http://10.65.30.77:8006/DTNA_PRD/Aftermarket/ASP/SS_Views/Costing/WebServices/ASPRATEPLAN.xsodata/EXP_PLOT('292516994956436314')"
},
"ID": "292516994956436314",
"PRD_TYP_CD": "CHASSIS",
"RATE_PLAN_CUTOFF_DATE": "/Date(1541030400000)/",
"IN_SRVC_YR": "2013",
"VOC_CATEGORY": "STANDARD",
"DOMCL_CNTRY_CD": "USA AND CAN",
"PRODUCT_TYPE": "HD",
"ENGINE_TORQUE": "",
"DEDUCT_AMT": 0,
"CVRG_GROUP": "EXTENDED BASIC VEHICLE",
"CVRG_MONTHS": 24,
"MIS": 14,
"TOTAL_UNITS": 90,
"VMRS_GROUP": "032-002-001",
"VMRS_GROUP_DESC": "MOTOR ASSEMBLY - STARTER",
"ACTIVE_UNITS": 90,
"RATE_PLAN_ID": 5820,
"TW_PER_UNIT": "282",
"BW_PER_UNIT": "138",
"EW_PER_UNIT": "144"
},
{
"__metadata": {
"type": "DTNA_PRD.Aftermarket.ASP.SS_Views.Costing.WebServices.ASPRATEPLAN.EXP_PLOTType",
"uri": "http://10.65.30.77:8006/DTNA_PRD/Aftermarket/ASP/SS_Views/Costing/WebServices/ASPRATEPLAN.xsodata/EXP_PLOT('292516994956436315')"
},
"ID": "292516994956436315",
"PRD_TYP_CD": "CHASSIS",
"RATE_PLAN_CUTOFF_DATE": "/Date(1541030400000)/",
"IN_SRVC_YR": "2013",
"VOC_CATEGORY": "STANDARD",
"DOMCL_CNTRY_CD": "USA AND CAN",
"PRODUCT_TYPE": "HD",
"ENGINE_TORQUE": "",
"DEDUCT_AMT": 0,
"CVRG_GROUP": "EXTENDED BASIC VEHICLE",
"CVRG_MONTHS": 24,
"MIS": 15,
"TOTAL_UNITS": 90,
"VMRS_GROUP": "032-002-001",
"VMRS_GROUP_DESC": "MOTOR ASSEMBLY - STARTER",
"ACTIVE_UNITS": 90,
"RATE_PLAN_ID": 5820,
"TW_PER_UNIT": "304",
"BW_PER_UNIT": "138",
"EW_PER_UNIT": "166"
},
{
"__metadata": {
"type": "DTNA_PRD.Aftermarket.ASP.SS_Views.Costing.WebServices.ASPRATEPLAN.EXP_PLOTType",
"uri": "http://10.65.30.77:8006/DTNA_PRD/Aftermarket/ASP/SS_Views/Costing/WebServices/ASPRATEPLAN.xsodata/EXP_PLOT('292516994956436316')"
},
"ID": "292516994956436316",
"PRD_TYP_CD": "CHASSIS",
"RATE_PLAN_CUTOFF_DATE": "/Date(1541030400000)/",
"IN_SRVC_YR": "2013",
"VOC_CATEGORY": "STANDARD",
"DOMCL_CNTRY_CD": "USA AND CAN",
"PRODUCT_TYPE": "HD",
"ENGINE_TORQUE": "",
"DEDUCT_AMT": 0,
"CVRG_GROUP": "EXTENDED BASIC VEHICLE",
"CVRG_MONTHS": 24,
"MIS": 16,
"TOTAL_UNITS": 90,
"VMRS_GROUP": "032-002-001",
"VMRS_GROUP_DESC": "MOTOR ASSEMBLY - STARTER",
"ACTIVE_UNITS": 90,
"RATE_PLAN_ID": 5820,
"TW_PER_UNIT": "331",
"BW_PER_UNIT": "138",
"EW_PER_UNIT": "193"
},
{
"__metadata": {
"type": "DTNA_PRD.Aftermarket.ASP.SS_Views.Costing.WebServices.ASPRATEPLAN.EXP_PLOTType",
"uri": "http://10.65.30.77:8006/DTNA_PRD/Aftermarket/ASP/SS_Views/Costing/WebServices/ASPRATEPLAN.xsodata/EXP_PLOT('292516994956436317')"
},
"ID": "292516994956436317",
"PRD_TYP_CD": "CHASSIS",
"RATE_PLAN_CUTOFF_DATE": "/Date(1541030400000)/",
"IN_SRVC_YR": "2013",
"VOC_CATEGORY": "STANDARD",
"DOMCL_CNTRY_CD": "USA AND CAN",
"PRODUCT_TYPE": "HD",
"ENGINE_TORQUE": "",
"DEDUCT_AMT": 0,
"CVRG_GROUP": "EXTENDED BASIC VEHICLE",
"CVRG_MONTHS": 24,
"MIS": 17,
"TOTAL_UNITS": 90,
"VMRS_GROUP": "032-002-001",
"VMRS_GROUP_DESC": "MOTOR ASSEMBLY - STARTER",
"ACTIVE_UNITS": 90,
"RATE_PLAN_ID": 5820,
"TW_PER_UNIT": "360",
"BW_PER_UNIT": "138",
"EW_PER_UNIT": "222"
},
{
"__metadata": {
"type": "DTNA_PRD.Aftermarket.ASP.SS_Views.Costing.WebServices.ASPRATEPLAN.EXP_PLOTType",
"uri": "http://10.65.30.77:8006/DTNA_PRD/Aftermarket/ASP/SS_Views/Costing/WebServices/ASPRATEPLAN.xsodata/EXP_PLOT('292516994956436318')"
},
"ID": "292516994956436318",
"PRD_TYP_CD": "CHASSIS",
"RATE_PLAN_CUTOFF_DATE": "/Date(1541030400000)/",
"IN_SRVC_YR": "2013",
"VOC_CATEGORY": "STANDARD",
"DOMCL_CNTRY_CD": "USA AND CAN",
"PRODUCT_TYPE": "HD",
"ENGINE_TORQUE": "",
"DEDUCT_AMT": 0,
"CVRG_GROUP": "EXTENDED BASIC VEHICLE",
"CVRG_MONTHS": 24,
"MIS": 18,
"TOTAL_UNITS": 90,
"VMRS_GROUP": "032-002-001",
"VMRS_GROUP_DESC": "MOTOR ASSEMBLY - STARTER",
"ACTIVE_UNITS": 90,
"RATE_PLAN_ID": 5820,
"TW_PER_UNIT": "403",
"BW_PER_UNIT": "138",
"EW_PER_UNIT": "265"
},
{
"__metadata": {
"type": "DTNA_PRD.Aftermarket.ASP.SS_Views.Costing.WebServices.ASPRATEPLAN.EXP_PLOTType",
"uri": "http://10.65.30.77:8006/DTNA_PRD/Aftermarket/ASP/SS_Views/Costing/WebServices/ASPRATEPLAN.xsodata/EXP_PLOT('292516994956436319')"
},
"ID": "292516994956436319",
"PRD_TYP_CD": "CHASSIS",
"RATE_PLAN_CUTOFF_DATE": "/Date(1541030400000)/",
"IN_SRVC_YR": "2013",
"VOC_CATEGORY": "STANDARD",
"DOMCL_CNTRY_CD": "USA AND CAN",
"PRODUCT_TYPE": "HD",
"ENGINE_TORQUE": "",
"DEDUCT_AMT": 0,
"CVRG_GROUP": "EXTENDED BASIC VEHICLE",
"CVRG_MONTHS": 24,
"MIS": 19,
"TOTAL_UNITS": 90,
"VMRS_GROUP": "032-002-001",
"VMRS_GROUP_DESC": "MOTOR ASSEMBLY - STARTER",
"ACTIVE_UNITS": 90,
"RATE_PLAN_ID": 5820,
"TW_PER_UNIT": "428",
"BW_PER_UNIT": "138",
"EW_PER_UNIT": "290"
},
{
"__metadata": {
"type": "DTNA_PRD.Aftermarket.ASP.SS_Views.Costing.WebServices.ASPRATEPLAN.EXP_PLOTType",
"uri": "http://10.65.30.77:8006/DTNA_PRD/Aftermarket/ASP/SS_Views/Costing/WebServices/ASPRATEPLAN.xsodata/EXP_PLOT('292516994956436320')"
},
"ID": "292516994956436320",
"PRD_TYP_CD": "CHASSIS",
"RATE_PLAN_CUTOFF_DATE": "/Date(1541030400000)/",
"IN_SRVC_YR": "2013",
"VOC_CATEGORY": "STANDARD",
"DOMCL_CNTRY_CD": "USA AND CAN",
"PRODUCT_TYPE": "HD",
"ENGINE_TORQUE": "",
"DEDUCT_AMT": 0,
"CVRG_GROUP": "EXTENDED BASIC VEHICLE",
"CVRG_MONTHS": 24,
"MIS": 20,
"TOTAL_UNITS": 90,
"VMRS_GROUP": "032-002-001",
"VMRS_GROUP_DESC": "MOTOR ASSEMBLY - STARTER",
"ACTIVE_UNITS": 90,
"RATE_PLAN_ID": 5820,
"TW_PER_UNIT": "475",
"BW_PER_UNIT": "138",
"EW_PER_UNIT": "337"
},
{
"__metadata": {
"type": "DTNA_PRD.Aftermarket.ASP.SS_Views.Costing.WebServices.ASPRATEPLAN.EXP_PLOTType",
"uri": "http://10.65.30.77:8006/DTNA_PRD/Aftermarket/ASP/SS_Views/Costing/WebServices/ASPRATEPLAN.xsodata/EXP_PLOT('292516994956436321')"
},
"ID": "292516994956436321",
"PRD_TYP_CD": "CHASSIS",
"RATE_PLAN_CUTOFF_DATE": "/Date(1541030400000)/",
"IN_SRVC_YR": "2013",
"VOC_CATEGORY": "STANDARD",
"DOMCL_CNTRY_CD": "USA AND CAN",
"PRODUCT_TYPE": "HD",
"ENGINE_TORQUE": "",
"DEDUCT_AMT": 0,
"CVRG_GROUP": "EXTENDED BASIC VEHICLE",
"CVRG_MONTHS": 24,
"MIS": 21,
"TOTAL_UNITS": 90,
"VMRS_GROUP": "032-002-001",
"VMRS_GROUP_DESC": "MOTOR ASSEMBLY - STARTER",
"ACTIVE_UNITS": 90,
"RATE_PLAN_ID": 5820,
"TW_PER_UNIT": "489",
"BW_PER_UNIT": "138",
"EW_PER_UNIT": "351"
},
{
"__metadata": {
"type": "DTNA_PRD.Aftermarket.ASP.SS_Views.Costing.WebServices.ASPRATEPLAN.EXP_PLOTType",
"uri": "http://10.65.30.77:8006/DTNA_PRD/Aftermarket/ASP/SS_Views/Costing/WebServices/ASPRATEPLAN.xsodata/EXP_PLOT('292516994956436322')"
},
"ID": "292516994956436322",
"PRD_TYP_CD": "CHASSIS",
"RATE_PLAN_CUTOFF_DATE": "/Date(1541030400000)/",
"IN_SRVC_YR": "2013",
"VOC_CATEGORY": "STANDARD",
"DOMCL_CNTRY_CD": "USA AND CAN",
"PRODUCT_TYPE": "HD",
"ENGINE_TORQUE": "",
"DEDUCT_AMT": 0,
"CVRG_GROUP": "EXTENDED BASIC VEHICLE",
"CVRG_MONTHS": 24,
"MIS": 22,
"TOTAL_UNITS": 90,
"VMRS_GROUP": "032-002-001",
"VMRS_GROUP_DESC": "MOTOR ASSEMBLY - STARTER",
"ACTIVE_UNITS": 90,
"RATE_PLAN_ID": 5820,
"TW_PER_UNIT": "516",
"BW_PER_UNIT": "138",
"EW_PER_UNIT": "378"
},
{
"__metadata": {
"type": "DTNA_PRD.Aftermarket.ASP.SS_Views.Costing.WebServices.ASPRATEPLAN.EXP_PLOTType",
"uri": "http://10.65.30.77:8006/DTNA_PRD/Aftermarket/ASP/SS_Views/Costing/WebServices/ASPRATEPLAN.xsodata/EXP_PLOT('292516994956436323')"
},
"ID": "292516994956436323",
"PRD_TYP_CD": "CHASSIS",
"RATE_PLAN_CUTOFF_DATE": "/Date(1541030400000)/",
"IN_SRVC_YR": "2013",
"VOC_CATEGORY": "STANDARD",
"DOMCL_CNTRY_CD": "USA AND CAN",
"PRODUCT_TYPE": "HD",
"ENGINE_TORQUE": "",
"DEDUCT_AMT": 0,
"CVRG_GROUP": "EXTENDED BASIC VEHICLE",
"CVRG_MONTHS": 24,
"MIS": 23,
"TOTAL_UNITS": 90,
"VMRS_GROUP": "032-002-001",
"VMRS_GROUP_DESC": "MOTOR ASSEMBLY - STARTER",
"ACTIVE_UNITS": 90,
"RATE_PLAN_ID": 5820,
"TW_PER_UNIT": "523",
"BW_PER_UNIT": "138",
"EW_PER_UNIT": "385"
},
{
"__metadata": {
"type": "DTNA_PRD.Aftermarket.ASP.SS_Views.Costing.WebServices.ASPRATEPLAN.EXP_PLOTType",
"uri": "http://10.65.30.77:8006/DTNA_PRD/Aftermarket/ASP/SS_Views/Costing/WebServices/ASPRATEPLAN.xsodata/EXP_PLOT('292516994956436324')"
},
"ID": "292516994956436324",
"PRD_TYP_CD": "CHASSIS",
"RATE_PLAN_CUTOFF_DATE": "/Date(1541030400000)/",
"IN_SRVC_YR": "2013",
"VOC_CATEGORY": "STANDARD",
"DOMCL_CNTRY_CD": "USA AND CAN",
"PRODUCT_TYPE": "HD",
"ENGINE_TORQUE": "",
"DEDUCT_AMT": 0,
"CVRG_GROUP": "EXTENDED BASIC VEHICLE",
"CVRG_MONTHS": 24,
"MIS": 24,
"TOTAL_UNITS": 90,
"VMRS_GROUP": "032-002-001",
"VMRS_GROUP_DESC": "MOTOR ASSEMBLY - STARTER",
"ACTIVE_UNITS": 90,
"RATE_PLAN_ID": 5820,
"TW_PER_UNIT": "528",
"BW_PER_UNIT": "138",
"EW_PER_UNIT": "390"
},
{
"__metadata": {
"type": "DTNA_PRD.Aftermarket.ASP.SS_Views.Costing.WebServices.ASPRATEPLAN.EXP_PLOTType",
"uri": "http://10.65.30.77:8006/DTNA_PRD/Aftermarket/ASP/SS_Views/Costing/WebServices/ASPRATEPLAN.xsodata/EXP_PLOT('292516994956436325')"
},
"ID": "292516994956436325",
"PRD_TYP_CD": "CHASSIS",
"RATE_PLAN_CUTOFF_DATE": "/Date(1541030400000)/",
"IN_SRVC_YR": "2014",
"VOC_CATEGORY": "STANDARD",
"DOMCL_CNTRY_CD": "USA AND CAN",
"PRODUCT_TYPE": "HD",
"ENGINE_TORQUE": "",
"DEDUCT_AMT": 0,
"CVRG_GROUP": "EXTENDED BASIC VEHICLE",
"CVRG_MONTHS": 24,
"MIS": 1,
"TOTAL_UNITS": 142,
"VMRS_GROUP": "032-002-001",
"VMRS_GROUP_DESC": "MOTOR ASSEMBLY - STARTER",
"ACTIVE_UNITS": 142,
"RATE_PLAN_ID": 5820,
"TW_PER_UNIT": "0",
"BW_PER_UNIT": "0",
"EW_PER_UNIT": "0"
},
{
"__metadata": {
"type": "DTNA_PRD.Aftermarket.ASP.SS_Views.Costing.WebServices.ASPRATEPLAN.EXP_PLOTType",
"uri": "http://10.65.30.77:8006/DTNA_PRD/Aftermarket/ASP/SS_Views/Costing/WebServices/ASPRATEPLAN.xsodata/EXP_PLOT('292516994956436326')"
},
"ID": "292516994956436326",
"PRD_TYP_CD": "CHASSIS",
"RATE_PLAN_CUTOFF_DATE": "/Date(1541030400000)/",
"IN_SRVC_YR": "2014",
"VOC_CATEGORY": "STANDARD",
"DOMCL_CNTRY_CD": "USA AND CAN",
"PRODUCT_TYPE": "HD",
"ENGINE_TORQUE": "",
"DEDUCT_AMT": 0,
"CVRG_GROUP": "EXTENDED BASIC VEHICLE",
"CVRG_MONTHS": 24,
"MIS": 2,
"TOTAL_UNITS": 142,
"VMRS_GROUP": "032-002-001",
"VMRS_GROUP_DESC": "MOTOR ASSEMBLY - STARTER",
"ACTIVE_UNITS": 142,
"RATE_PLAN_ID": 5820,
"TW_PER_UNIT": "18",
"BW_PER_UNIT": "18",
"EW_PER_UNIT": "0"
},
{
"__metadata": {
"type": "DTNA_PRD.Aftermarket.ASP.SS_Views.Costing.WebServices.ASPRATEPLAN.EXP_PLOTType",
"uri": "http://10.65.30.77:8006/DTNA_PRD/Aftermarket/ASP/SS_Views/Costing/WebServices/ASPRATEPLAN.xsodata/EXP_PLOT('292516994956436327')"
},
"ID": "292516994956436327",
"PRD_TYP_CD": "CHASSIS",
"RATE_PLAN_CUTOFF_DATE": "/Date(1541030400000)/",
"IN_SRVC_YR": "2014",
"VOC_CATEGORY": "STANDARD",
"DOMCL_CNTRY_CD": "USA AND CAN",
"PRODUCT_TYPE": "HD",
"ENGINE_TORQUE": "",
"DEDUCT_AMT": 0,
"CVRG_GROUP": "EXTENDED BASIC VEHICLE",
"CVRG_MONTHS": 24,
"MIS": 3,
"TOTAL_UNITS": 142,
"VMRS_GROUP": "032-002-001",
"VMRS_GROUP_DESC": "MOTOR ASSEMBLY - STARTER",
"ACTIVE_UNITS": 142,
"RATE_PLAN_ID": 5820,
"TW_PER_UNIT": "28",
"BW_PER_UNIT": "28",
"EW_PER_UNIT": "0"
},
{
"__metadata": {
"type": "DTNA_PRD.Aftermarket.ASP.SS_Views.Costing.WebServices.ASPRATEPLAN.EXP_PLOTType",
"uri": "http://10.65.30.77:8006/DTNA_PRD/Aftermarket/ASP/SS_Views/Costing/WebServices/ASPRATEPLAN.xsodata/EXP_PLOT('292516994956436328')"
},
"ID": "292516994956436328",
"PRD_TYP_CD": "CHASSIS",
"RATE_PLAN_CUTOFF_DATE": "/Date(1541030400000)/",
"IN_SRVC_YR": "2014",
"VOC_CATEGORY": "STANDARD",
"DOMCL_CNTRY_CD": "USA AND CAN",
"PRODUCT_TYPE": "HD",
"ENGINE_TORQUE": "",
"DEDUCT_AMT": 0,
"CVRG_GROUP": "EXTENDED BASIC VEHICLE",
"CVRG_MONTHS": 24,
"MIS": 4,
"TOTAL_UNITS": 142,
"VMRS_GROUP": "032-002-001",
"VMRS_GROUP_DESC": "MOTOR ASSEMBLY - STARTER",
"ACTIVE_UNITS": 142,
"RATE_PLAN_ID": 5820,
"TW_PER_UNIT": "28",
"BW_PER_UNIT": "28",
"EW_PER_UNIT": "0"
},
{
"__metadata": {
"type": "DTNA_PRD.Aftermarket.ASP.SS_Views.Costing.WebServices.ASPRATEPLAN.EXP_PLOTType",
"uri": "http://10.65.30.77:8006/DTNA_PRD/Aftermarket/ASP/SS_Views/Costing/WebServices/ASPRATEPLAN.xsodata/EXP_PLOT('292516994956436329')"
},
"ID": "292516994956436329",
"PRD_TYP_CD": "CHASSIS",
"RATE_PLAN_CUTOFF_DATE": "/Date(1541030400000)/",
"IN_SRVC_YR": "2014",
"VOC_CATEGORY": "STANDARD",
"DOMCL_CNTRY_CD": "USA AND CAN",
"PRODUCT_TYPE": "HD",
"ENGINE_TORQUE": "",
"DEDUCT_AMT": 0,
"CVRG_GROUP": "EXTENDED BASIC VEHICLE",
"CVRG_MONTHS": 24,
"MIS": 5,
"TOTAL_UNITS": 142,
"VMRS_GROUP": "032-002-001",
"VMRS_GROUP_DESC": "MOTOR ASSEMBLY - STARTER",
"ACTIVE_UNITS": 142,
"RATE_PLAN_ID": 5820,
"TW_PER_UNIT": "45",
"BW_PER_UNIT": "45",
"EW_PER_UNIT": "0"
},
{
"__metadata": {
"type": "DTNA_PRD.Aftermarket.ASP.SS_Views.Costing.WebServices.ASPRATEPLAN.EXP_PLOTType",
"uri": "http://10.65.30.77:8006/DTNA_PRD/Aftermarket/ASP/SS_Views/Costing/WebServices/ASPRATEPLAN.xsodata/EXP_PLOT('292516994956436330')"
},
"ID": "292516994956436330",
"PRD_TYP_CD": "CHASSIS",
"RATE_PLAN_CUTOFF_DATE": "/Date(1541030400000)/",
"IN_SRVC_YR": "2014",
"VOC_CATEGORY": "STANDARD",
"DOMCL_CNTRY_CD": "USA AND CAN",
"PRODUCT_TYPE": "HD",
"ENGINE_TORQUE": "",
"DEDUCT_AMT": 0,
"CVRG_GROUP": "EXTENDED BASIC VEHICLE",
"CVRG_MONTHS": 24,
"MIS": 6,
"TOTAL_UNITS": 142,
"VMRS_GROUP": "032-002-001",
"VMRS_GROUP_DESC": "MOTOR ASSEMBLY - STARTER",
"ACTIVE_UNITS": 142,
"RATE_PLAN_ID": 5820,
"TW_PER_UNIT": "66",
"BW_PER_UNIT": "66",
"EW_PER_UNIT": "0"
},
{
"__metadata": {
"type": "DTNA_PRD.Aftermarket.ASP.SS_Views.Costing.WebServices.ASPRATEPLAN.EXP_PLOTType",
"uri": "http://10.65.30.77:8006/DTNA_PRD/Aftermarket/ASP/SS_Views/Costing/WebServices/ASPRATEPLAN.xsodata/EXP_PLOT('292516994956436331')"
},
"ID": "292516994956436331",
"PRD_TYP_CD": "CHASSIS",
"RATE_PLAN_CUTOFF_DATE": "/Date(1541030400000)/",
"IN_SRVC_YR": "2014",
"VOC_CATEGORY": "STANDARD",
"DOMCL_CNTRY_CD": "USA AND CAN",
"PRODUCT_TYPE": "HD",
"ENGINE_TORQUE": "",
"DEDUCT_AMT": 0,
"CVRG_GROUP": "EXTENDED BASIC VEHICLE",
"CVRG_MONTHS": 24,
"MIS": 7,
"TOTAL_UNITS": 142,
"VMRS_GROUP": "032-002-001",
"VMRS_GROUP_DESC": "MOTOR ASSEMBLY - STARTER",
"ACTIVE_UNITS": 142,
"RATE_PLAN_ID": 5820,
"TW_PER_UNIT": "81",
"BW_PER_UNIT": "81",
"EW_PER_UNIT": "0"
},
{
"__metadata": {
"type": "DTNA_PRD.Aftermarket.ASP.SS_Views.Costing.WebServices.ASPRATEPLAN.EXP_PLOTType",
"uri": "http://10.65.30.77:8006/DTNA_PRD/Aftermarket/ASP/SS_Views/Costing/WebServices/ASPRATEPLAN.xsodata/EXP_PLOT('292516994956436332')"
},
"ID": "292516994956436332",
"PRD_TYP_CD": "CHASSIS",
"RATE_PLAN_CUTOFF_DATE": "/Date(1541030400000)/",
"IN_SRVC_YR": "2014",
"VOC_CATEGORY": "STANDARD",
"DOMCL_CNTRY_CD": "USA AND CAN",
"PRODUCT_TYPE": "HD",
"ENGINE_TORQUE": "",
"DEDUCT_AMT": 0,
"CVRG_GROUP": "EXTENDED BASIC VEHICLE",
"CVRG_MONTHS": 24,
"MIS": 8,
"TOTAL_UNITS": 142,
"VMRS_GROUP": "032-002-001",
"VMRS_GROUP_DESC": "MOTOR ASSEMBLY - STARTER",
"ACTIVE_UNITS": 142,
"RATE_PLAN_ID": 5820,
"TW_PER_UNIT": "111",
"BW_PER_UNIT": "104",
"EW_PER_UNIT": "7"
},
{
"__metadata": {
"type": "DTNA_PRD.Aftermarket.ASP.SS_Views.Costing.WebServices.ASPRATEPLAN.EXP_PLOTType",
"uri": "http://10.65.30.77:8006/DTNA_PRD/Aftermarket/ASP/SS_Views/Costing/WebServices/ASPRATEPLAN.xsodata/EXP_PLOT('292516994956436333')"
},
"ID": "292516994956436333",
"PRD_TYP_CD": "CHASSIS",
"RATE_PLAN_CUTOFF_DATE": "/Date(1541030400000)/",
"IN_SRVC_YR": "2014",
"VOC_CATEGORY": "STANDARD",
"DOMCL_CNTRY_CD": "USA AND CAN",
"PRODUCT_TYPE": "HD",
"ENGINE_TORQUE": "",
"DEDUCT_AMT": 0,
"CVRG_GROUP": "EXTENDED BASIC VEHICLE",
"CVRG_MONTHS": 24,
"MIS": 9,
"TOTAL_UNITS": 142,
"VMRS_GROUP": "032-002-001",
"VMRS_GROUP_DESC": "MOTOR ASSEMBLY - STARTER",
"ACTIVE_UNITS": 142,
"RATE_PLAN_ID": 5820,
"TW_PER_UNIT": "134",
"BW_PER_UNIT": "110",
"EW_PER_UNIT": "24"
},
{
"__metadata": {
"type": "DTNA_PRD.Aftermarket.ASP.SS_Views.Costing.WebServices.ASPRATEPLAN.EXP_PLOTType",
"uri": "http://10.65.30.77:8006/DTNA_PRD/Aftermarket/ASP/SS_Views/Costing/WebServices/ASPRATEPLAN.xsodata/EXP_PLOT('292516994956436334')"
},
"ID": "292516994956436334",
"PRD_TYP_CD": "CHASSIS",
"RATE_PLAN_CUTOFF_DATE": "/Date(1541030400000)/",
"IN_SRVC_YR": "2014",
"VOC_CATEGORY": "STANDARD",
"DOMCL_CNTRY_CD": "USA AND CAN",
"PRODUCT_TYPE": "HD",
"ENGINE_TORQUE": "",
"DEDUCT_AMT": 0,
"CVRG_GROUP": "EXTENDED BASIC VEHICLE",
"CVRG_MONTHS": 24,
"MIS": 10,
"TOTAL_UNITS": 142,
"VMRS_GROUP": "032-002-001",
"VMRS_GROUP_DESC": "MOTOR ASSEMBLY - STARTER",
"ACTIVE_UNITS": 142,
"RATE_PLAN_ID": 5820,
"TW_PER_UNIT": "154",
"BW_PER_UNIT": "117",
"EW_PER_UNIT": "37"
},
{
"__metadata": {
"type": "DTNA_PRD.Aftermarket.ASP.SS_Views.Costing.WebServices.ASPRATEPLAN.EXP_PLOTType",
"uri": "http://10.65.30.77:8006/DTNA_PRD/Aftermarket/ASP/SS_Views/Costing/WebServices/ASPRATEPLAN.xsodata/EXP_PLOT('292516994956436335')"
},
"ID": "292516994956436335",
"PRD_TYP_CD": "CHASSIS",
"RATE_PLAN_CUTOFF_DATE": "/Date(1541030400000)/",
"IN_SRVC_YR": "2014",
"VOC_CATEGORY": "STANDARD",
"DOMCL_CNTRY_CD": "USA AND CAN",
"PRODUCT_TYPE": "HD",
"ENGINE_TORQUE": "",
"DEDUCT_AMT": 0,
"CVRG_GROUP": "EXTENDED BASIC VEHICLE",
"CVRG_MONTHS": 24,
"MIS": 11,
"TOTAL_UNITS": 142,
"VMRS_GROUP": "032-002-001",
"VMRS_GROUP_DESC": "MOTOR ASSEMBLY - STARTER",
"ACTIVE_UNITS": 142,
"RATE_PLAN_ID": 5820,
"TW_PER_UNIT": "180",
"BW_PER_UNIT": "127",
"EW_PER_UNIT": "53"
},
{
"__metadata": {
"type": "DTNA_PRD.Aftermarket.ASP.SS_Views.Costing.WebServices.ASPRATEPLAN.EXP_PLOTType",
"uri": "http://10.65.30.77:8006/DTNA_PRD/Aftermarket/ASP/SS_Views/Costing/WebServices/ASPRATEPLAN.xsodata/EXP_PLOT('292516994956436336')"
},
"ID": "292516994956436336",
"PRD_TYP_CD": "CHASSIS",
"RATE_PLAN_CUTOFF_DATE": "/Date(1541030400000)/",
"IN_SRVC_YR": "2014",
"VOC_CATEGORY": "STANDARD",
"DOMCL_CNTRY_CD": "USA AND CAN",
"PRODUCT_TYPE": "HD",
"ENGINE_TORQUE": "",
"DEDUCT_AMT": 0,
"CVRG_GROUP": "EXTENDED BASIC VEHICLE",
"CVRG_MONTHS": 24,
"MIS": 12,
"TOTAL_UNITS": 142,
"VMRS_GROUP": "032-002-001",
"VMRS_GROUP_DESC": "MOTOR ASSEMBLY - STARTER",
"ACTIVE_UNITS": 142,
"RATE_PLAN_ID": 5820,
"TW_PER_UNIT": "213",
"BW_PER_UNIT": "134",
"EW_PER_UNIT": "79"
},
{
"__metadata": {
"type": "DTNA_PRD.Aftermarket.ASP.SS_Views.Costing.WebServices.ASPRATEPLAN.EXP_PLOTType",
"uri": "http://10.65.30.77:8006/DTNA_PRD/Aftermarket/ASP/SS_Views/Costing/WebServices/ASPRATEPLAN.xsodata/EXP_PLOT('292516994956436337')"
},
"ID": "292516994956436337",
"PRD_TYP_CD": "CHASSIS",
"RATE_PLAN_CUTOFF_DATE": "/Date(1541030400000)/",
"IN_SRVC_YR": "2014",
"VOC_CATEGORY": "STANDARD",
"DOMCL_CNTRY_CD": "USA AND CAN",
"PRODUCT_TYPE": "HD",
"ENGINE_TORQUE": "",
"DEDUCT_AMT": 0,
"CVRG_GROUP": "EXTENDED BASIC VEHICLE",
"CVRG_MONTHS": 24,
"MIS": 13,
"TOTAL_UNITS": 142,
"VMRS_GROUP": "032-002-001",
"VMRS_GROUP_DESC": "MOTOR ASSEMBLY - STARTER",
"ACTIVE_UNITS": 142,
"RATE_PLAN_ID": 5820,
"TW_PER_UNIT": "244",
"BW_PER_UNIT": "134",
"EW_PER_UNIT": "110"
},
{
"__metadata": {
"type": "DTNA_PRD.Aftermarket.ASP.SS_Views.Costing.WebServices.ASPRATEPLAN.EXP_PLOTType",
"uri": "http://10.65.30.77:8006/DTNA_PRD/Aftermarket/ASP/SS_Views/Costing/WebServices/ASPRATEPLAN.xsodata/EXP_PLOT('292516994956436338')"
},
"ID": "292516994956436338",
"PRD_TYP_CD": "CHASSIS",
"RATE_PLAN_CUTOFF_DATE": "/Date(1541030400000)/",
"IN_SRVC_YR": "2014",
"VOC_CATEGORY": "STANDARD",
"DOMCL_CNTRY_CD": "USA AND CAN",
"PRODUCT_TYPE": "HD",
"ENGINE_TORQUE": "",
"DEDUCT_AMT": 0,
"CVRG_GROUP": "EXTENDED BASIC VEHICLE",
"CVRG_MONTHS": 24,
"MIS": 14,
"TOTAL_UNITS": 142,
"VMRS_GROUP": "032-002-001",
"VMRS_GROUP_DESC": "MOTOR ASSEMBLY - STARTER",
"ACTIVE_UNITS": 142,
"RATE_PLAN_ID": 5820,
"TW_PER_UNIT": "293",
"BW_PER_UNIT": "134",
"EW_PER_UNIT": "159"
},
{
"__metadata": {
"type": "DTNA_PRD.Aftermarket.ASP.SS_Views.Costing.WebServices.ASPRATEPLAN.EXP_PLOTType",
"uri": "http://10.65.30.77:8006/DTNA_PRD/Aftermarket/ASP/SS_Views/Costing/WebServices/ASPRATEPLAN.xsodata/EXP_PLOT('292516994956436339')"
},
"ID": "292516994956436339",
"PRD_TYP_CD": "CHASSIS",
"RATE_PLAN_CUTOFF_DATE": "/Date(1541030400000)/",
"IN_SRVC_YR": "2014",
"VOC_CATEGORY": "STANDARD",
"DOMCL_CNTRY_CD": "USA AND CAN",
"PRODUCT_TYPE": "HD",
"ENGINE_TORQUE": "",
"DEDUCT_AMT": 0,
"CVRG_GROUP": "EXTENDED BASIC VEHICLE",
"CVRG_MONTHS": 24,
"MIS": 15,
"TOTAL_UNITS": 142,
"VMRS_GROUP": "032-002-001",
"VMRS_GROUP_DESC": "MOTOR ASSEMBLY - STARTER",
"ACTIVE_UNITS": 142,
"RATE_PLAN_ID": 5820,
"TW_PER_UNIT": "348",
"BW_PER_UNIT": "134",
"EW_PER_UNIT": "214"
},
{
"__metadata": {
"type": "DTNA_PRD.Aftermarket.ASP.SS_Views.Costing.WebServices.ASPRATEPLAN.EXP_PLOTType",
"uri": "http://10.65.30.77:8006/DTNA_PRD/Aftermarket/ASP/SS_Views/Costing/WebServices/ASPRATEPLAN.xsodata/EXP_PLOT('292516994956436340')"
},
"ID": "292516994956436340",
"PRD_TYP_CD": "CHASSIS",
"RATE_PLAN_CUTOFF_DATE": "/Date(1541030400000)/",
"IN_SRVC_YR": "2014",
"VOC_CATEGORY": "STANDARD",
"DOMCL_CNTRY_CD": "USA AND CAN",
"PRODUCT_TYPE": "HD",
"ENGINE_TORQUE": "",
"DEDUCT_AMT": 0,
"CVRG_GROUP": "EXTENDED BASIC VEHICLE",
"CVRG_MONTHS": 24,
"MIS": 16,
"TOTAL_UNITS": 142,
"VMRS_GROUP": "032-002-001",
"VMRS_GROUP_DESC": "MOTOR ASSEMBLY - STARTER",
"ACTIVE_UNITS": 142,
"RATE_PLAN_ID": 5820,
"TW_PER_UNIT": "377",
"BW_PER_UNIT": "134",
"EW_PER_UNIT": "243"
},
{
"__metadata": {
"type": "DTNA_PRD.Aftermarket.ASP.SS_Views.Costing.WebServices.ASPRATEPLAN.EXP_PLOTType",
"uri": "http://10.65.30.77:8006/DTNA_PRD/Aftermarket/ASP/SS_Views/Costing/WebServices/ASPRATEPLAN.xsodata/EXP_PLOT('292516994956436341')"
},
"ID": "292516994956436341",
"PRD_TYP_CD": "CHASSIS",
"RATE_PLAN_CUTOFF_DATE": "/Date(1541030400000)/",
"IN_SRVC_YR": "2014",
"VOC_CATEGORY": "STANDARD",
"DOMCL_CNTRY_CD": "USA AND CAN",
"PRODUCT_TYPE": "HD",
"ENGINE_TORQUE": "",
"DEDUCT_AMT": 0,
"CVRG_GROUP": "EXTENDED BASIC VEHICLE",
"CVRG_MONTHS": 24,
"MIS": 17,
"TOTAL_UNITS": 142,
"VMRS_GROUP": "032-002-001",
"VMRS_GROUP_DESC": "MOTOR ASSEMBLY - STARTER",
"ACTIVE_UNITS": 142,
"RATE_PLAN_ID": 5820,
"TW_PER_UNIT": "422",
"BW_PER_UNIT": "134",
"EW_PER_UNIT": "288"
},
{
"__metadata": {
"type": "DTNA_PRD.Aftermarket.ASP.SS_Views.Costing.WebServices.ASPRATEPLAN.EXP_PLOTType",
"uri": "http://10.65.30.77:8006/DTNA_PRD/Aftermarket/ASP/SS_Views/Costing/WebServices/ASPRATEPLAN.xsodata/EXP_PLOT('292516994956436342')"
},
"ID": "292516994956436342",
"PRD_TYP_CD": "CHASSIS",
"RATE_PLAN_CUTOFF_DATE": "/Date(1541030400000)/",
"IN_SRVC_YR": "2014",
"VOC_CATEGORY": "STANDARD",
"DOMCL_CNTRY_CD": "USA AND CAN",
"PRODUCT_TYPE": "HD",
"ENGINE_TORQUE": "",
"DEDUCT_AMT": 0,
"CVRG_GROUP": "EXTENDED BASIC VEHICLE",
"CVRG_MONTHS": 24,
"MIS": 18,
"TOTAL_UNITS": 142,
"VMRS_GROUP": "032-002-001",
"VMRS_GROUP_DESC": "MOTOR ASSEMBLY - STARTER",
"ACTIVE_UNITS": 142,
"RATE_PLAN_ID": 5820,
"TW_PER_UNIT": "463",
"BW_PER_UNIT": "134",
"EW_PER_UNIT": "329"
},
{
"__metadata": {
"type": "DTNA_PRD.Aftermarket.ASP.SS_Views.Costing.WebServices.ASPRATEPLAN.EXP_PLOTType",
"uri": "http://10.65.30.77:8006/DTNA_PRD/Aftermarket/ASP/SS_Views/Costing/WebServices/ASPRATEPLAN.xsodata/EXP_PLOT('292516994956436343')"
},
"ID": "292516994956436343",
"PRD_TYP_CD": "CHASSIS",
"RATE_PLAN_CUTOFF_DATE": "/Date(1541030400000)/",
"IN_SRVC_YR": "2014",
"VOC_CATEGORY": "STANDARD",
"DOMCL_CNTRY_CD": "USA AND CAN",
"PRODUCT_TYPE": "HD",
"ENGINE_TORQUE": "",
"DEDUCT_AMT": 0,
"CVRG_GROUP": "EXTENDED BASIC VEHICLE",
"CVRG_MONTHS": 24,
"MIS": 19,
"TOTAL_UNITS": 142,
"VMRS_GROUP": "032-002-001",
"VMRS_GROUP_DESC": "MOTOR ASSEMBLY - STARTER",
"ACTIVE_UNITS": 142,
"RATE_PLAN_ID": 5820,
"TW_PER_UNIT": "486",
"BW_PER_UNIT": "134",
"EW_PER_UNIT": "352"
},
{
"__metadata": {
"type": "DTNA_PRD.Aftermarket.ASP.SS_Views.Costing.WebServices.ASPRATEPLAN.EXP_PLOTType",
"uri": "http://10.65.30.77:8006/DTNA_PRD/Aftermarket/ASP/SS_Views/Costing/WebServices/ASPRATEPLAN.xsodata/EXP_PLOT('292516994956436344')"
},
"ID": "292516994956436344",
"PRD_TYP_CD": "CHASSIS",
"RATE_PLAN_CUTOFF_DATE": "/Date(1541030400000)/",
"IN_SRVC_YR": "2014",
"VOC_CATEGORY": "STANDARD",
"DOMCL_CNTRY_CD": "USA AND CAN",
"PRODUCT_TYPE": "HD",
"ENGINE_TORQUE": "",
"DEDUCT_AMT": 0,
"CVRG_GROUP": "EXTENDED BASIC VEHICLE",
"CVRG_MONTHS": 24,
"MIS": 20,
"TOTAL_UNITS": 142,
"VMRS_GROUP": "032-002-001",
"VMRS_GROUP_DESC": "MOTOR ASSEMBLY - STARTER",
"ACTIVE_UNITS": 142,
"RATE_PLAN_ID": 5820,
"TW_PER_UNIT": "517",
"BW_PER_UNIT": "134",
"EW_PER_UNIT": "384"
},
{
"__metadata": {
"type": "DTNA_PRD.Aftermarket.ASP.SS_Views.Costing.WebServices.ASPRATEPLAN.EXP_PLOTType",
"uri": "http://10.65.30.77:8006/DTNA_PRD/Aftermarket/ASP/SS_Views/Costing/WebServices/ASPRATEPLAN.xsodata/EXP_PLOT('292516994956436345')"
},
"ID": "292516994956436345",
"PRD_TYP_CD": "CHASSIS",
"RATE_PLAN_CUTOFF_DATE": "/Date(1541030400000)/",
"IN_SRVC_YR": "2014",
"VOC_CATEGORY": "STANDARD",
"DOMCL_CNTRY_CD": "USA AND CAN",
"PRODUCT_TYPE": "HD",
"ENGINE_TORQUE": "",
"DEDUCT_AMT": 0,
"CVRG_GROUP": "EXTENDED BASIC VEHICLE",
"CVRG_MONTHS": 24,
"MIS": 21,
"TOTAL_UNITS": 142,
"VMRS_GROUP": "032-002-001",
"VMRS_GROUP_DESC": "MOTOR ASSEMBLY - STARTER",
"ACTIVE_UNITS": 142,
"RATE_PLAN_ID": 5820,
"TW_PER_UNIT": "527",
"BW_PER_UNIT": "134",
"EW_PER_UNIT": "393"
},
{
"__metadata": {
"type": "DTNA_PRD.Aftermarket.ASP.SS_Views.Costing.WebServices.ASPRATEPLAN.EXP_PLOTType",
"uri": "http://10.65.30.77:8006/DTNA_PRD/Aftermarket/ASP/SS_Views/Costing/WebServices/ASPRATEPLAN.xsodata/EXP_PLOT('292516994956436346')"
},
"ID": "292516994956436346",
"PRD_TYP_CD": "CHASSIS",
"RATE_PLAN_CUTOFF_DATE": "/Date(1541030400000)/",
"IN_SRVC_YR": "2014",
"VOC_CATEGORY": "STANDARD",
"DOMCL_CNTRY_CD": "USA AND CAN",
"PRODUCT_TYPE": "HD",
"ENGINE_TORQUE": "",
"DEDUCT_AMT": 0,
"CVRG_GROUP": "EXTENDED BASIC VEHICLE",
"CVRG_MONTHS": 24,
"MIS": 22,
"TOTAL_UNITS": 142,
"VMRS_GROUP": "032-002-001",
"VMRS_GROUP_DESC": "MOTOR ASSEMBLY - STARTER",
"ACTIVE_UNITS": 142,
"RATE_PLAN_ID": 5820,
"TW_PER_UNIT": "550",
"BW_PER_UNIT": "134",
"EW_PER_UNIT": "416"
},
{
"__metadata": {
"type": "DTNA_PRD.Aftermarket.ASP.SS_Views.Costing.WebServices.ASPRATEPLAN.EXP_PLOTType",
"uri": "http://10.65.30.77:8006/DTNA_PRD/Aftermarket/ASP/SS_Views/Costing/WebServices/ASPRATEPLAN.xsodata/EXP_PLOT('292516994956436347')"
},
"ID": "292516994956436347",
"PRD_TYP_CD": "CHASSIS",
"RATE_PLAN_CUTOFF_DATE": "/Date(1541030400000)/",
"IN_SRVC_YR": "2014",
"VOC_CATEGORY": "STANDARD",
"DOMCL_CNTRY_CD": "USA AND CAN",
"PRODUCT_TYPE": "HD",
"ENGINE_TORQUE": "",
"DEDUCT_AMT": 0,
"CVRG_GROUP": "EXTENDED BASIC VEHICLE",
"CVRG_MONTHS": 24,
"MIS": 23,
"TOTAL_UNITS": 142,
"VMRS_GROUP": "032-002-001",
"VMRS_GROUP_DESC": "MOTOR ASSEMBLY - STARTER",
"ACTIVE_UNITS": 142,
"RATE_PLAN_ID": 5820,
"TW_PER_UNIT": "572",
"BW_PER_UNIT": "134",
"EW_PER_UNIT": "438"
},
{
"__metadata": {
"type": "DTNA_PRD.Aftermarket.ASP.SS_Views.Costing.WebServices.ASPRATEPLAN.EXP_PLOTType",
"uri": "http://10.65.30.77:8006/DTNA_PRD/Aftermarket/ASP/SS_Views/Costing/WebServices/ASPRATEPLAN.xsodata/EXP_PLOT('292516994956436348')"
},
"ID": "292516994956436348",
"PRD_TYP_CD": "CHASSIS",
"RATE_PLAN_CUTOFF_DATE": "/Date(1541030400000)/",
"IN_SRVC_YR": "2014",
"VOC_CATEGORY": "STANDARD",
"DOMCL_CNTRY_CD": "USA AND CAN",
"PRODUCT_TYPE": "HD",
"ENGINE_TORQUE": "",
"DEDUCT_AMT": 0,
"CVRG_GROUP": "EXTENDED BASIC VEHICLE",
"CVRG_MONTHS": 24,
"MIS": 24,
"TOTAL_UNITS": 142,
"VMRS_GROUP": "032-002-001",
"VMRS_GROUP_DESC": "MOTOR ASSEMBLY - STARTER",
"ACTIVE_UNITS": 142,
"RATE_PLAN_ID": 5820,
"TW_PER_UNIT": "586",
"BW_PER_UNIT": "134",
"EW_PER_UNIT": "452"
},
{
"__metadata": {
"type": "DTNA_PRD.Aftermarket.ASP.SS_Views.Costing.WebServices.ASPRATEPLAN.EXP_PLOTType",
"uri": "http://10.65.30.77:8006/DTNA_PRD/Aftermarket/ASP/SS_Views/Costing/WebServices/ASPRATEPLAN.xsodata/EXP_PLOT('292516994956436349')"
},
"ID": "292516994956436349",
"PRD_TYP_CD": "CHASSIS",
"RATE_PLAN_CUTOFF_DATE": "/Date(1541030400000)/",
"IN_SRVC_YR": "2015",
"VOC_CATEGORY": "STANDARD",
"DOMCL_CNTRY_CD": "USA AND CAN",
"PRODUCT_TYPE": "HD",
"ENGINE_TORQUE": "",
"DEDUCT_AMT": 0,
"CVRG_GROUP": "EXTENDED BASIC VEHICLE",
"CVRG_MONTHS": 24,
"MIS": 1,
"TOTAL_UNITS": 102,
"VMRS_GROUP": "032-002-001",
"VMRS_GROUP_DESC": "MOTOR ASSEMBLY - STARTER",
"ACTIVE_UNITS": 102,
"RATE_PLAN_ID": 5820,
"TW_PER_UNIT": "25",
"BW_PER_UNIT": "25",
"EW_PER_UNIT": "0"
},
{
"__metadata": {
"type": "DTNA_PRD.Aftermarket.ASP.SS_Views.Costing.WebServices.ASPRATEPLAN.EXP_PLOTType",
"uri": "http://10.65.30.77:8006/DTNA_PRD/Aftermarket/ASP/SS_Views/Costing/WebServices/ASPRATEPLAN.xsodata/EXP_PLOT('292516994956436350')"
},
"ID": "292516994956436350",
"PRD_TYP_CD": "CHASSIS",
"RATE_PLAN_CUTOFF_DATE": "/Date(1541030400000)/",
"IN_SRVC_YR": "2015",
"VOC_CATEGORY": "STANDARD",
"DOMCL_CNTRY_CD": "USA AND CAN",
"PRODUCT_TYPE": "HD",
"ENGINE_TORQUE": "",
"DEDUCT_AMT": 0,
"CVRG_GROUP": "EXTENDED BASIC VEHICLE",
"CVRG_MONTHS": 24,
"MIS": 2,
"TOTAL_UNITS": 102,
"VMRS_GROUP": "032-002-001",
"VMRS_GROUP_DESC": "MOTOR ASSEMBLY - STARTER",
"ACTIVE_UNITS": 102,
"RATE_PLAN_ID": 5820,
"TW_PER_UNIT": "31",
"BW_PER_UNIT": "31",
"EW_PER_UNIT": "0"
},
{
"__metadata": {
"type": "DTNA_PRD.Aftermarket.ASP.SS_Views.Costing.WebServices.ASPRATEPLAN.EXP_PLOTType",
"uri": "http://10.65.30.77:8006/DTNA_PRD/Aftermarket/ASP/SS_Views/Costing/WebServices/ASPRATEPLAN.xsodata/EXP_PLOT('292516994956436351')"
},
"ID": "292516994956436351",
"PRD_TYP_CD": "CHASSIS",
"RATE_PLAN_CUTOFF_DATE": "/Date(1541030400000)/",
"IN_SRVC_YR": "2015",
"VOC_CATEGORY": "STANDARD",
"DOMCL_CNTRY_CD": "USA AND CAN",
"PRODUCT_TYPE": "HD",
"ENGINE_TORQUE": "",
"DEDUCT_AMT": 0,
"CVRG_GROUP": "EXTENDED BASIC VEHICLE",
"CVRG_MONTHS": 24,
"MIS": 3,
"TOTAL_UNITS": 102,
"VMRS_GROUP": "032-002-001",
"VMRS_GROUP_DESC": "MOTOR ASSEMBLY - STARTER",
"ACTIVE_UNITS": 102,
"RATE_PLAN_ID": 5820,
"TW_PER_UNIT": "63",
"BW_PER_UNIT": "63",
"EW_PER_UNIT": "0"
},
{
"__metadata": {
"type": "DTNA_PRD.Aftermarket.ASP.SS_Views.Costing.WebServices.ASPRATEPLAN.EXP_PLOTType",
"uri": "http://10.65.30.77:8006/DTNA_PRD/Aftermarket/ASP/SS_Views/Costing/WebServices/ASPRATEPLAN.xsodata/EXP_PLOT('292516994956436352')"
},
"ID": "292516994956436352",
"PRD_TYP_CD": "CHASSIS",
"RATE_PLAN_CUTOFF_DATE": "/Date(1541030400000)/",
"IN_SRVC_YR": "2015",
"VOC_CATEGORY": "STANDARD",
"DOMCL_CNTRY_CD": "USA AND CAN",
"PRODUCT_TYPE": "HD",
"ENGINE_TORQUE": "",
"DEDUCT_AMT": 0,
"CVRG_GROUP": "EXTENDED BASIC VEHICLE",
"CVRG_MONTHS": 24,
"MIS": 4,
"TOTAL_UNITS": 102,
"VMRS_GROUP": "032-002-001",
"VMRS_GROUP_DESC": "MOTOR ASSEMBLY - STARTER",
"ACTIVE_UNITS": 102,
"RATE_PLAN_ID": 5820,
"TW_PER_UNIT": "66",
"BW_PER_UNIT": "66",
"EW_PER_UNIT": "0"
},
{
"__metadata": {
"type": "DTNA_PRD.Aftermarket.ASP.SS_Views.Costing.WebServices.ASPRATEPLAN.EXP_PLOTType",
"uri": "http://10.65.30.77:8006/DTNA_PRD/Aftermarket/ASP/SS_Views/Costing/WebServices/ASPRATEPLAN.xsodata/EXP_PLOT('292516994956436353')"
},
"ID": "292516994956436353",
"PRD_TYP_CD": "CHASSIS",
"RATE_PLAN_CUTOFF_DATE": "/Date(1541030400000)/",
"IN_SRVC_YR": "2015",
"VOC_CATEGORY": "STANDARD",
"DOMCL_CNTRY_CD": "USA AND CAN",
"PRODUCT_TYPE": "HD",
"ENGINE_TORQUE": "",
"DEDUCT_AMT": 0,
"CVRG_GROUP": "EXTENDED BASIC VEHICLE",
"CVRG_MONTHS": 24,
"MIS": 5,
"TOTAL_UNITS": 102,
"VMRS_GROUP": "032-002-001",
"VMRS_GROUP_DESC": "MOTOR ASSEMBLY - STARTER",
"ACTIVE_UNITS": 102,
"RATE_PLAN_ID": 5820,
"TW_PER_UNIT": "72",
"BW_PER_UNIT": "72",
"EW_PER_UNIT": "0"
},
{
"__metadata": {
"type": "DTNA_PRD.Aftermarket.ASP.SS_Views.Costing.WebServices.ASPRATEPLAN.EXP_PLOTType",
"uri": "http://10.65.30.77:8006/DTNA_PRD/Aftermarket/ASP/SS_Views/Costing/WebServices/ASPRATEPLAN.xsodata/EXP_PLOT('292516994956436354')"
},
"ID": "292516994956436354",
"PRD_TYP_CD": "CHASSIS",
"RATE_PLAN_CUTOFF_DATE": "/Date(1541030400000)/",
"IN_SRVC_YR": "2015",
"VOC_CATEGORY": "STANDARD",
"DOMCL_CNTRY_CD": "USA AND CAN",
"PRODUCT_TYPE": "HD",
"ENGINE_TORQUE": "",
"DEDUCT_AMT": 0,
"CVRG_GROUP": "EXTENDED BASIC VEHICLE",
"CVRG_MONTHS": 24,
"MIS": 6,
"TOTAL_UNITS": 102,
"VMRS_GROUP": "032-002-001",
"VMRS_GROUP_DESC": "MOTOR ASSEMBLY - STARTER",
"ACTIVE_UNITS": 102,
"RATE_PLAN_ID": 5820,
"TW_PER_UNIT": "96",
"BW_PER_UNIT": "96",
"EW_PER_UNIT": "0"
},
{
"__metadata": {
"type": "DTNA_PRD.Aftermarket.ASP.SS_Views.Costing.WebServices.ASPRATEPLAN.EXP_PLOTType",
"uri": "http://10.65.30.77:8006/DTNA_PRD/Aftermarket/ASP/SS_Views/Costing/WebServices/ASPRATEPLAN.xsodata/EXP_PLOT('292516994956436355')"
},
"ID": "292516994956436355",
"PRD_TYP_CD": "CHASSIS",
"RATE_PLAN_CUTOFF_DATE": "/Date(1541030400000)/",
"IN_SRVC_YR": "2015",
"VOC_CATEGORY": "STANDARD",
"DOMCL_CNTRY_CD": "USA AND CAN",
"PRODUCT_TYPE": "HD",
"ENGINE_TORQUE": "",
"DEDUCT_AMT": 0,
"CVRG_GROUP": "EXTENDED BASIC VEHICLE",
"CVRG_MONTHS": 24,
"MIS": 7,
"TOTAL_UNITS": 102,
"VMRS_GROUP": "032-002-001",
"VMRS_GROUP_DESC": "MOTOR ASSEMBLY - STARTER",
"ACTIVE_UNITS": 102,
"RATE_PLAN_ID": 5820,
"TW_PER_UNIT": "128",
"BW_PER_UNIT": "123",
"EW_PER_UNIT": "5"
},
{
"__metadata": {
"type": "DTNA_PRD.Aftermarket.ASP.SS_Views.Costing.WebServices.ASPRATEPLAN.EXP_PLOTType",
"uri": "http://10.65.30.77:8006/DTNA_PRD/Aftermarket/ASP/SS_Views/Costing/WebServices/ASPRATEPLAN.xsodata/EXP_PLOT('292516994956436356')"
},
"ID": "292516994956436356",
"PRD_TYP_CD": "CHASSIS",
"RATE_PLAN_CUTOFF_DATE": "/Date(1541030400000)/",
"IN_SRVC_YR": "2015",
"VOC_CATEGORY": "STANDARD",
"DOMCL_CNTRY_CD": "USA AND CAN",
"PRODUCT_TYPE": "HD",
"ENGINE_TORQUE": "",
"DEDUCT_AMT": 0,
"CVRG_GROUP": "EXTENDED BASIC VEHICLE",
"CVRG_MONTHS": 24,
"MIS": 8,
"TOTAL_UNITS": 102,
"VMRS_GROUP": "032-002-001",
"VMRS_GROUP_DESC": "MOTOR ASSEMBLY - STARTER",
"ACTIVE_UNITS": 102,
"RATE_PLAN_ID": 5820,
"TW_PER_UNIT": "143",
"BW_PER_UNIT": "138",
"EW_PER_UNIT": "5"
},
{
"__metadata": {
"type": "DTNA_PRD.Aftermarket.ASP.SS_Views.Costing.WebServices.ASPRATEPLAN.EXP_PLOTType",
"uri": "http://10.65.30.77:8006/DTNA_PRD/Aftermarket/ASP/SS_Views/Costing/WebServices/ASPRATEPLAN.xsodata/EXP_PLOT('292516994956436357')"
},
"ID": "292516994956436357",
"PRD_TYP_CD": "CHASSIS",
"RATE_PLAN_CUTOFF_DATE": "/Date(1541030400000)/",
"IN_SRVC_YR": "2015",
"VOC_CATEGORY": "STANDARD",
"DOMCL_CNTRY_CD": "USA AND CAN",
"PRODUCT_TYPE": "HD",
"ENGINE_TORQUE": "",
"DEDUCT_AMT": 0,
"CVRG_GROUP": "EXTENDED BASIC VEHICLE",
"CVRG_MONTHS": 24,
"MIS": 9,
"TOTAL_UNITS": 102,
"VMRS_GROUP": "032-002-001",
"VMRS_GROUP_DESC": "MOTOR ASSEMBLY - STARTER",
"ACTIVE_UNITS": 102,
"RATE_PLAN_ID": 5820,
"TW_PER_UNIT": "157",
"BW_PER_UNIT": "145",
"EW_PER_UNIT": "11"
},
{
"__metadata": {
"type": "DTNA_PRD.Aftermarket.ASP.SS_Views.Costing.WebServices.ASPRATEPLAN.EXP_PLOTType",
"uri": "http://10.65.30.77:8006/DTNA_PRD/Aftermarket/ASP/SS_Views/Costing/WebServices/ASPRATEPLAN.xsodata/EXP_PLOT('292516994956436358')"
},
"ID": "292516994956436358",
"PRD_TYP_CD": "CHASSIS",
"RATE_PLAN_CUTOFF_DATE": "/Date(1541030400000)/",
"IN_SRVC_YR": "2015",
"VOC_CATEGORY": "STANDARD",
"DOMCL_CNTRY_CD": "USA AND CAN",
"PRODUCT_TYPE": "HD",
"ENGINE_TORQUE": "",
"DEDUCT_AMT": 0,
"CVRG_GROUP": "EXTENDED BASIC VEHICLE",
"CVRG_MONTHS": 24,
"MIS": 10,
"TOTAL_UNITS": 102,
"VMRS_GROUP": "032-002-001",
"VMRS_GROUP_DESC": "MOTOR ASSEMBLY - STARTER",
"ACTIVE_UNITS": 102,
"RATE_PLAN_ID": 5820,
"TW_PER_UNIT": "179",
"BW_PER_UNIT": "168",
"EW_PER_UNIT": "11"
},
{
"__metadata": {
"type": "DTNA_PRD.Aftermarket.ASP.SS_Views.Costing.WebServices.ASPRATEPLAN.EXP_PLOTType",
"uri": "http://10.65.30.77:8006/DTNA_PRD/Aftermarket/ASP/SS_Views/Costing/WebServices/ASPRATEPLAN.xsodata/EXP_PLOT('292516994956436359')"
},
"ID": "292516994956436359",
"PRD_TYP_CD": "CHASSIS",
"RATE_PLAN_CUTOFF_DATE": "/Date(1541030400000)/",
"IN_SRVC_YR": "2015",
"VOC_CATEGORY": "STANDARD",
"DOMCL_CNTRY_CD": "USA AND CAN",
"PRODUCT_TYPE": "HD",
"ENGINE_TORQUE": "",
"DEDUCT_AMT": 0,
"CVRG_GROUP": "EXTENDED BASIC VEHICLE",
"CVRG_MONTHS": 24,
"MIS": 11,
"TOTAL_UNITS": 102,
"VMRS_GROUP": "032-002-001",
"VMRS_GROUP_DESC": "MOTOR ASSEMBLY - STARTER",
"ACTIVE_UNITS": 102,
"RATE_PLAN_ID": 5820,
"TW_PER_UNIT": "201",
"BW_PER_UNIT": "172",
"EW_PER_UNIT": "28"
},
{
"__metadata": {
"type": "DTNA_PRD.Aftermarket.ASP.SS_Views.Costing.WebServices.ASPRATEPLAN.EXP_PLOTType",
"uri": "http://10.65.30.77:8006/DTNA_PRD/Aftermarket/ASP/SS_Views/Costing/WebServices/ASPRATEPLAN.xsodata/EXP_PLOT('292516994956436360')"
},
"ID": "292516994956436360",
"PRD_TYP_CD": "CHASSIS",
"RATE_PLAN_CUTOFF_DATE": "/Date(1541030400000)/",
"IN_SRVC_YR": "2015",
"VOC_CATEGORY": "STANDARD",
"DOMCL_CNTRY_CD": "USA AND CAN",
"PRODUCT_TYPE": "HD",
"ENGINE_TORQUE": "",
"DEDUCT_AMT": 0,
"CVRG_GROUP": "EXTENDED BASIC VEHICLE",
"CVRG_MONTHS": 24,
"MIS": 12,
"TOTAL_UNITS": 102,
"VMRS_GROUP": "032-002-001",
"VMRS_GROUP_DESC": "MOTOR ASSEMBLY - STARTER",
"ACTIVE_UNITS": 102,
"RATE_PLAN_ID": 5820,
"TW_PER_UNIT": "232",
"BW_PER_UNIT": "185",
"EW_PER_UNIT": "47"
},
{
"__metadata": {
"type": "DTNA_PRD.Aftermarket.ASP.SS_Views.Costing.WebServices.ASPRATEPLAN.EXP_PLOTType",
"uri": "http://10.65.30.77:8006/DTNA_PRD/Aftermarket/ASP/SS_Views/Costing/WebServices/ASPRATEPLAN.xsodata/EXP_PLOT('292516994956436361')"
},
"ID": "292516994956436361",
"PRD_TYP_CD": "CHASSIS",
"RATE_PLAN_CUTOFF_DATE": "/Date(1541030400000)/",
"IN_SRVC_YR": "2015",
"VOC_CATEGORY": "STANDARD",
"DOMCL_CNTRY_CD": "USA AND CAN",
"PRODUCT_TYPE": "HD",
"ENGINE_TORQUE": "",
"DEDUCT_AMT": 0,
"CVRG_GROUP": "EXTENDED BASIC VEHICLE",
"CVRG_MONTHS": 24,
"MIS": 13,
"TOTAL_UNITS": 102,
"VMRS_GROUP": "032-002-001",
"VMRS_GROUP_DESC": "MOTOR ASSEMBLY - STARTER",
"ACTIVE_UNITS": 102,
"RATE_PLAN_ID": 5820,
"TW_PER_UNIT": "254",
"BW_PER_UNIT": "185",
"EW_PER_UNIT": "69"
},
{
"__metadata": {
"type": "DTNA_PRD.Aftermarket.ASP.SS_Views.Costing.WebServices.ASPRATEPLAN.EXP_PLOTType",
"uri": "http://10.65.30.77:8006/DTNA_PRD/Aftermarket/ASP/SS_Views/Costing/WebServices/ASPRATEPLAN.xsodata/EXP_PLOT('292516994956436362')"
},
"ID": "292516994956436362",
"PRD_TYP_CD": "CHASSIS",
"RATE_PLAN_CUTOFF_DATE": "/Date(1541030400000)/",
"IN_SRVC_YR": "2015",
"VOC_CATEGORY": "STANDARD",
"DOMCL_CNTRY_CD": "USA AND CAN",
"PRODUCT_TYPE": "HD",
"ENGINE_TORQUE": "",
"DEDUCT_AMT": 0,
"CVRG_GROUP": "EXTENDED BASIC VEHICLE",
"CVRG_MONTHS": 24,
"MIS": 14,
"TOTAL_UNITS": 102,
"VMRS_GROUP": "032-002-001",
"VMRS_GROUP_DESC": "MOTOR ASSEMBLY - STARTER",
"ACTIVE_UNITS": 102,
"RATE_PLAN_ID": 5820,
"TW_PER_UNIT": "297",
"BW_PER_UNIT": "185",
"EW_PER_UNIT": "112"
},
{
"__metadata": {
"type": "DTNA_PRD.Aftermarket.ASP.SS_Views.Costing.WebServices.ASPRATEPLAN.EXP_PLOTType",
"uri": "http://10.65.30.77:8006/DTNA_PRD/Aftermarket/ASP/SS_Views/Costing/WebServices/ASPRATEPLAN.xsodata/EXP_PLOT('292516994956436363')"
},
"ID": "292516994956436363",
"PRD_TYP_CD": "CHASSIS",
"RATE_PLAN_CUTOFF_DATE": "/Date(1541030400000)/",
"IN_SRVC_YR": "2015",
"VOC_CATEGORY": "STANDARD",
"DOMCL_CNTRY_CD": "USA AND CAN",
"PRODUCT_TYPE": "HD",
"ENGINE_TORQUE": "",
"DEDUCT_AMT": 0,
"CVRG_GROUP": "EXTENDED BASIC VEHICLE",
"CVRG_MONTHS": 24,
"MIS": 15,
"TOTAL_UNITS": 102,
"VMRS_GROUP": "032-002-001",
"VMRS_GROUP_DESC": "MOTOR ASSEMBLY - STARTER",
"ACTIVE_UNITS": 102,
"RATE_PLAN_ID": 5820,
"TW_PER_UNIT": "339",
"BW_PER_UNIT": "185",
"EW_PER_UNIT": "154"
},
{
"__metadata": {
"type": "DTNA_PRD.Aftermarket.ASP.SS_Views.Costing.WebServices.ASPRATEPLAN.EXP_PLOTType",
"uri": "http://10.65.30.77:8006/DTNA_PRD/Aftermarket/ASP/SS_Views/Costing/WebServices/ASPRATEPLAN.xsodata/EXP_PLOT('292516994956436364')"
},
"ID": "292516994956436364",
"PRD_TYP_CD": "CHASSIS",
"RATE_PLAN_CUTOFF_DATE": "/Date(1541030400000)/",
"IN_SRVC_YR": "2015",
"VOC_CATEGORY": "STANDARD",
"DOMCL_CNTRY_CD": "USA AND CAN",
"PRODUCT_TYPE": "HD",
"ENGINE_TORQUE": "",
"DEDUCT_AMT": 0,
"CVRG_GROUP": "EXTENDED BASIC VEHICLE",
"CVRG_MONTHS": 24,
"MIS": 16,
"TOTAL_UNITS": 102,
"VMRS_GROUP": "032-002-001",
"VMRS_GROUP_DESC": "MOTOR ASSEMBLY - STARTER",
"ACTIVE_UNITS": 102,
"RATE_PLAN_ID": 5820,
"TW_PER_UNIT": "398",
"BW_PER_UNIT": "185",
"EW_PER_UNIT": "213"
},
{
"__metadata": {
"type": "DTNA_PRD.Aftermarket.ASP.SS_Views.Costing.WebServices.ASPRATEPLAN.EXP_PLOTType",
"uri": "http://10.65.30.77:8006/DTNA_PRD/Aftermarket/ASP/SS_Views/Costing/WebServices/ASPRATEPLAN.xsodata/EXP_PLOT('292516994956436365')"
},
"ID": "292516994956436365",
"PRD_TYP_CD": "CHASSIS",
"RATE_PLAN_CUTOFF_DATE": "/Date(1541030400000)/",
"IN_SRVC_YR": "2015",
"VOC_CATEGORY": "STANDARD",
"DOMCL_CNTRY_CD": "USA AND CAN",
"PRODUCT_TYPE": "HD",
"ENGINE_TORQUE": "",
"DEDUCT_AMT": 0,
"CVRG_GROUP": "EXTENDED BASIC VEHICLE",
"CVRG_MONTHS": 24,
"MIS": 17,
"TOTAL_UNITS": 102,
"VMRS_GROUP": "032-002-001",
"VMRS_GROUP_DESC": "MOTOR ASSEMBLY - STARTER",
"ACTIVE_UNITS": 102,
"RATE_PLAN_ID": 5820,
"TW_PER_UNIT": "450",
"BW_PER_UNIT": "185",
"EW_PER_UNIT": "265"
},
{
"__metadata": {
"type": "DTNA_PRD.Aftermarket.ASP.SS_Views.Costing.WebServices.ASPRATEPLAN.EXP_PLOTType",
"uri": "http://10.65.30.77:8006/DTNA_PRD/Aftermarket/ASP/SS_Views/Costing/WebServices/ASPRATEPLAN.xsodata/EXP_PLOT('292516994956436366')"
},
"ID": "292516994956436366",
"PRD_TYP_CD": "CHASSIS",
"RATE_PLAN_CUTOFF_DATE": "/Date(1541030400000)/",
"IN_SRVC_YR": "2015",
"VOC_CATEGORY": "STANDARD",
"DOMCL_CNTRY_CD": "USA AND CAN",
"PRODUCT_TYPE": "HD",
"ENGINE_TORQUE": "",
"DEDUCT_AMT": 0,
"CVRG_GROUP": "EXTENDED BASIC VEHICLE",
"CVRG_MONTHS": 24,
"MIS": 18,
"TOTAL_UNITS": 102,
"VMRS_GROUP": "032-002-001",
"VMRS_GROUP_DESC": "MOTOR ASSEMBLY - STARTER",
"ACTIVE_UNITS": 102,
"RATE_PLAN_ID": 5820,
"TW_PER_UNIT": "493",
"BW_PER_UNIT": "185",
"EW_PER_UNIT": "308"
},
{
"__metadata": {
"type": "DTNA_PRD.Aftermarket.ASP.SS_Views.Costing.WebServices.ASPRATEPLAN.EXP_PLOTType",
"uri": "http://10.65.30.77:8006/DTNA_PRD/Aftermarket/ASP/SS_Views/Costing/WebServices/ASPRATEPLAN.xsodata/EXP_PLOT('292516994956436367')"
},
"ID": "292516994956436367",
"PRD_TYP_CD": "CHASSIS",
"RATE_PLAN_CUTOFF_DATE": "/Date(1541030400000)/",
"IN_SRVC_YR": "2015",
"VOC_CATEGORY": "STANDARD",
"DOMCL_CNTRY_CD": "USA AND CAN",
"PRODUCT_TYPE": "HD",
"ENGINE_TORQUE": "",
"DEDUCT_AMT": 0,
"CVRG_GROUP": "EXTENDED BASIC VEHICLE",
"CVRG_MONTHS": 24,
"MIS": 19,
"TOTAL_UNITS": 102,
"VMRS_GROUP": "032-002-001",
"VMRS_GROUP_DESC": "MOTOR ASSEMBLY - STARTER",
"ACTIVE_UNITS": 102,
"RATE_PLAN_ID": 5820,
"TW_PER_UNIT": "556",
"BW_PER_UNIT": "185",
"EW_PER_UNIT": "371"
},
{
"__metadata": {
"type": "DTNA_PRD.Aftermarket.ASP.SS_Views.Costing.WebServices.ASPRATEPLAN.EXP_PLOTType",
"uri": "http://10.65.30.77:8006/DTNA_PRD/Aftermarket/ASP/SS_Views/Costing/WebServices/ASPRATEPLAN.xsodata/EXP_PLOT('292516994956436368')"
},
"ID": "292516994956436368",
"PRD_TYP_CD": "CHASSIS",
"RATE_PLAN_CUTOFF_DATE": "/Date(1541030400000)/",
"IN_SRVC_YR": "2015",
"VOC_CATEGORY": "STANDARD",
"DOMCL_CNTRY_CD": "USA AND CAN",
"PRODUCT_TYPE": "HD",
"ENGINE_TORQUE": "",
"DEDUCT_AMT": 0,
"CVRG_GROUP": "EXTENDED BASIC VEHICLE",
"CVRG_MONTHS": 24,
"MIS": 20,
"TOTAL_UNITS": 102,
"VMRS_GROUP": "032-002-001",
"VMRS_GROUP_DESC": "MOTOR ASSEMBLY - STARTER",
"ACTIVE_UNITS": 102,
"RATE_PLAN_ID": 5820,
"TW_PER_UNIT": "576",
"BW_PER_UNIT": "185",
"EW_PER_UNIT": "391"
},
{
"__metadata": {
"type": "DTNA_PRD.Aftermarket.ASP.SS_Views.Costing.WebServices.ASPRATEPLAN.EXP_PLOTType",
"uri": "http://10.65.30.77:8006/DTNA_PRD/Aftermarket/ASP/SS_Views/Costing/WebServices/ASPRATEPLAN.xsodata/EXP_PLOT('292516994956436369')"
},
"ID": "292516994956436369",
"PRD_TYP_CD": "CHASSIS",
"RATE_PLAN_CUTOFF_DATE": "/Date(1541030400000)/",
"IN_SRVC_YR": "2015",
"VOC_CATEGORY": "STANDARD",
"DOMCL_CNTRY_CD": "USA AND CAN",
"PRODUCT_TYPE": "HD",
"ENGINE_TORQUE": "",
"DEDUCT_AMT": 0,
"CVRG_GROUP": "EXTENDED BASIC VEHICLE",
"CVRG_MONTHS": 24,
"MIS": 21,
"TOTAL_UNITS": 102,
"VMRS_GROUP": "032-002-001",
"VMRS_GROUP_DESC": "MOTOR ASSEMBLY - STARTER",
"ACTIVE_UNITS": 102,
"RATE_PLAN_ID": 5820,
"TW_PER_UNIT": "616",
"BW_PER_UNIT": "185",
"EW_PER_UNIT": "431"
},
{
"__metadata": {
"type": "DTNA_PRD.Aftermarket.ASP.SS_Views.Costing.WebServices.ASPRATEPLAN.EXP_PLOTType",
"uri": "http://10.65.30.77:8006/DTNA_PRD/Aftermarket/ASP/SS_Views/Costing/WebServices/ASPRATEPLAN.xsodata/EXP_PLOT('292516994956436370')"
},
"ID": "292516994956436370",
"PRD_TYP_CD": "CHASSIS",
"RATE_PLAN_CUTOFF_DATE": "/Date(1541030400000)/",
"IN_SRVC_YR": "2015",
"VOC_CATEGORY": "STANDARD",
"DOMCL_CNTRY_CD": "USA AND CAN",
"PRODUCT_TYPE": "HD",
"ENGINE_TORQUE": "",
"DEDUCT_AMT": 0,
"CVRG_GROUP": "EXTENDED BASIC VEHICLE",
"CVRG_MONTHS": 24,
"MIS": 22,
"TOTAL_UNITS": 102,
"VMRS_GROUP": "032-002-001",
"VMRS_GROUP_DESC": "MOTOR ASSEMBLY - STARTER",
"ACTIVE_UNITS": 102,
"RATE_PLAN_ID": 5820,
"TW_PER_UNIT": "642",
"BW_PER_UNIT": "185",
"EW_PER_UNIT": "457"
},
{
"__metadata": {
"type": "DTNA_PRD.Aftermarket.ASP.SS_Views.Costing.WebServices.ASPRATEPLAN.EXP_PLOTType",
"uri": "http://10.65.30.77:8006/DTNA_PRD/Aftermarket/ASP/SS_Views/Costing/WebServices/ASPRATEPLAN.xsodata/EXP_PLOT('292516994956436371')"
},
"ID": "292516994956436371",
"PRD_TYP_CD": "CHASSIS",
"RATE_PLAN_CUTOFF_DATE": "/Date(1541030400000)/",
"IN_SRVC_YR": "2015",
"VOC_CATEGORY": "STANDARD",
"DOMCL_CNTRY_CD": "USA AND CAN",
"PRODUCT_TYPE": "HD",
"ENGINE_TORQUE": "",
"DEDUCT_AMT": 0,
"CVRG_GROUP": "EXTENDED BASIC VEHICLE",
"CVRG_MONTHS": 24,
"MIS": 23,
"TOTAL_UNITS": 102,
"VMRS_GROUP": "032-002-001",
"VMRS_GROUP_DESC": "MOTOR ASSEMBLY - STARTER",
"ACTIVE_UNITS": 102,
"RATE_PLAN_ID": 5820,
"TW_PER_UNIT": "671",
"BW_PER_UNIT": "185",
"EW_PER_UNIT": "486"
},
{
"__metadata": {
"type": "DTNA_PRD.Aftermarket.ASP.SS_Views.Costing.WebServices.ASPRATEPLAN.EXP_PLOTType",
"uri": "http://10.65.30.77:8006/DTNA_PRD/Aftermarket/ASP/SS_Views/Costing/WebServices/ASPRATEPLAN.xsodata/EXP_PLOT('292516994956436372')"
},
"ID": "292516994956436372",
"PRD_TYP_CD": "CHASSIS",
"RATE_PLAN_CUTOFF_DATE": "/Date(1541030400000)/",
"IN_SRVC_YR": "2015",
"VOC_CATEGORY": "STANDARD",
"DOMCL_CNTRY_CD": "USA AND CAN",
"PRODUCT_TYPE": "HD",
"ENGINE_TORQUE": "",
"DEDUCT_AMT": 0,
"CVRG_GROUP": "EXTENDED BASIC VEHICLE",
"CVRG_MONTHS": 24,
"MIS": 24,
"TOTAL_UNITS": 102,
"VMRS_GROUP": "032-002-001",
"VMRS_GROUP_DESC": "MOTOR ASSEMBLY - STARTER",
"ACTIVE_UNITS": 102,
"RATE_PLAN_ID": 5820,
"TW_PER_UNIT": "691",
"BW_PER_UNIT": "185",
"EW_PER_UNIT": "506"
},
{
"__metadata": {
"type": "DTNA_PRD.Aftermarket.ASP.SS_Views.Costing.WebServices.ASPRATEPLAN.EXP_PLOTType",
"uri": "http://10.65.30.77:8006/DTNA_PRD/Aftermarket/ASP/SS_Views/Costing/WebServices/ASPRATEPLAN.xsodata/EXP_PLOT('292516994956436373')"
},
"ID": "292516994956436373",
"PRD_TYP_CD": "CHASSIS",
"RATE_PLAN_CUTOFF_DATE": "/Date(1541030400000)/",
"IN_SRVC_YR": "2016",
"VOC_CATEGORY": "STANDARD",
"DOMCL_CNTRY_CD": "USA AND CAN",
"PRODUCT_TYPE": "HD",
"ENGINE_TORQUE": "",
"DEDUCT_AMT": 0,
"CVRG_GROUP": "EXTENDED BASIC VEHICLE",
"CVRG_MONTHS": 24,
"MIS": 1,
"TOTAL_UNITS": 178,
"VMRS_GROUP": "032-002-001",
"VMRS_GROUP_DESC": "MOTOR ASSEMBLY - STARTER",
"ACTIVE_UNITS": 178,
"RATE_PLAN_ID": 5820,
"TW_PER_UNIT": "0",
"BW_PER_UNIT": "0",
"EW_PER_UNIT": "0"
},
{
"__metadata": {
"type": "DTNA_PRD.Aftermarket.ASP.SS_Views.Costing.WebServices.ASPRATEPLAN.EXP_PLOTType",
"uri": "http://10.65.30.77:8006/DTNA_PRD/Aftermarket/ASP/SS_Views/Costing/WebServices/ASPRATEPLAN.xsodata/EXP_PLOT('292516994956436374')"
},
"ID": "292516994956436374",
"PRD_TYP_CD": "CHASSIS",
"RATE_PLAN_CUTOFF_DATE": "/Date(1541030400000)/",
"IN_SRVC_YR": "2016",
"VOC_CATEGORY": "STANDARD",
"DOMCL_CNTRY_CD": "USA AND CAN",
"PRODUCT_TYPE": "HD",
"ENGINE_TORQUE": "",
"DEDUCT_AMT": 0,
"CVRG_GROUP": "EXTENDED BASIC VEHICLE",
"CVRG_MONTHS": 24,
"MIS": 2,
"TOTAL_UNITS": 178,
"VMRS_GROUP": "032-002-001",
"VMRS_GROUP_DESC": "MOTOR ASSEMBLY - STARTER",
"ACTIVE_UNITS": 178,
"RATE_PLAN_ID": 5820,
"TW_PER_UNIT": "7",
"BW_PER_UNIT": "7",
"EW_PER_UNIT": "0"
},
{
"__metadata": {
"type": "DTNA_PRD.Aftermarket.ASP.SS_Views.Costing.WebServices.ASPRATEPLAN.EXP_PLOTType",
"uri": "http://10.65.30.77:8006/DTNA_PRD/Aftermarket/ASP/SS_Views/Costing/WebServices/ASPRATEPLAN.xsodata/EXP_PLOT('292516994956436375')"
},
"ID": "292516994956436375",
"PRD_TYP_CD": "CHASSIS",
"RATE_PLAN_CUTOFF_DATE": "/Date(1541030400000)/",
"IN_SRVC_YR": "2016",
"VOC_CATEGORY": "STANDARD",
"DOMCL_CNTRY_CD": "USA AND CAN",
"PRODUCT_TYPE": "HD",
"ENGINE_TORQUE": "",
"DEDUCT_AMT": 0,
"CVRG_GROUP": "EXTENDED BASIC VEHICLE",
"CVRG_MONTHS": 24,
"MIS": 3,
"TOTAL_UNITS": 178,
"VMRS_GROUP": "032-002-001",
"VMRS_GROUP_DESC": "MOTOR ASSEMBLY - STARTER",
"ACTIVE_UNITS": 178,
"RATE_PLAN_ID": 5820,
"TW_PER_UNIT": "9",
"BW_PER_UNIT": "9",
"EW_PER_UNIT": "0"
},
{
"__metadata": {
"type": "DTNA_PRD.Aftermarket.ASP.SS_Views.Costing.WebServices.ASPRATEPLAN.EXP_PLOTType",
"uri": "http://10.65.30.77:8006/DTNA_PRD/Aftermarket/ASP/SS_Views/Costing/WebServices/ASPRATEPLAN.xsodata/EXP_PLOT('292516994956436376')"
},
"ID": "292516994956436376",
"PRD_TYP_CD": "CHASSIS",
"RATE_PLAN_CUTOFF_DATE": "/Date(1541030400000)/",
"IN_SRVC_YR": "2016",
"VOC_CATEGORY": "STANDARD",
"DOMCL_CNTRY_CD": "USA AND CAN",
"PRODUCT_TYPE": "HD",
"ENGINE_TORQUE": "",
"DEDUCT_AMT": 0,
"CVRG_GROUP": "EXTENDED BASIC VEHICLE",
"CVRG_MONTHS": 24,
"MIS": 4,
"TOTAL_UNITS": 178,
"VMRS_GROUP": "032-002-001",
"VMRS_GROUP_DESC": "MOTOR ASSEMBLY - STARTER",
"ACTIVE_UNITS": 178,
"RATE_PLAN_ID": 5820,
"TW_PER_UNIT": "9",
"BW_PER_UNIT": "9",
"EW_PER_UNIT": "0"
},
{
"__metadata": {
"type": "DTNA_PRD.Aftermarket.ASP.SS_Views.Costing.WebServices.ASPRATEPLAN.EXP_PLOTType",
"uri": "http://10.65.30.77:8006/DTNA_PRD/Aftermarket/ASP/SS_Views/Costing/WebServices/ASPRATEPLAN.xsodata/EXP_PLOT('292516994956436377')"
},
"ID": "292516994956436377",
"PRD_TYP_CD": "CHASSIS",
"RATE_PLAN_CUTOFF_DATE": "/Date(1541030400000)/",
"IN_SRVC_YR": "2016",
"VOC_CATEGORY": "STANDARD",
"DOMCL_CNTRY_CD": "USA AND CAN",
"PRODUCT_TYPE": "HD",
"ENGINE_TORQUE": "",
"DEDUCT_AMT": 0,
"CVRG_GROUP": "EXTENDED BASIC VEHICLE",
"CVRG_MONTHS": 24,
"MIS": 5,
"TOTAL_UNITS": 178,
"VMRS_GROUP": "032-002-001",
"VMRS_GROUP_DESC": "MOTOR ASSEMBLY - STARTER",
"ACTIVE_UNITS": 178,
"RATE_PLAN_ID": 5820,
"TW_PER_UNIT": "9",
"BW_PER_UNIT": "9",
"EW_PER_UNIT": "0"
},
{
"__metadata": {
"type": "DTNA_PRD.Aftermarket.ASP.SS_Views.Costing.WebServices.ASPRATEPLAN.EXP_PLOTType",
"uri": "http://10.65.30.77:8006/DTNA_PRD/Aftermarket/ASP/SS_Views/Costing/WebServices/ASPRATEPLAN.xsodata/EXP_PLOT('292516994956436378')"
},
"ID": "292516994956436378",
"PRD_TYP_CD": "CHASSIS",
"RATE_PLAN_CUTOFF_DATE": "/Date(1541030400000)/",
"IN_SRVC_YR": "2016",
"VOC_CATEGORY": "STANDARD",
"DOMCL_CNTRY_CD": "USA AND CAN",
"PRODUCT_TYPE": "HD",
"ENGINE_TORQUE": "",
"DEDUCT_AMT": 0,
"CVRG_GROUP": "EXTENDED BASIC VEHICLE",
"CVRG_MONTHS": 24,
"MIS": 6,
"TOTAL_UNITS": 178,
"VMRS_GROUP": "032-002-001",
"VMRS_GROUP_DESC": "MOTOR ASSEMBLY - STARTER",
"ACTIVE_UNITS": 178,
"RATE_PLAN_ID": 5820,
"TW_PER_UNIT": "11",
"BW_PER_UNIT": "11",
"EW_PER_UNIT": "0"
},
{
"__metadata": {
"type": "DTNA_PRD.Aftermarket.ASP.SS_Views.Costing.WebServices.ASPRATEPLAN.EXP_PLOTType",
"uri": "http://10.65.30.77:8006/DTNA_PRD/Aftermarket/ASP/SS_Views/Costing/WebServices/ASPRATEPLAN.xsodata/EXP_PLOT('292516994956436379')"
},
"ID": "292516994956436379",
"PRD_TYP_CD": "CHASSIS",
"RATE_PLAN_CUTOFF_DATE": "/Date(1541030400000)/",
"IN_SRVC_YR": "2016",
"VOC_CATEGORY": "STANDARD",
"DOMCL_CNTRY_CD": "USA AND CAN",
"PRODUCT_TYPE": "HD",
"ENGINE_TORQUE": "",
"DEDUCT_AMT": 0,
"CVRG_GROUP": "EXTENDED BASIC VEHICLE",
"CVRG_MONTHS": 24,
"MIS": 7,
"TOTAL_UNITS": 178,
"VMRS_GROUP": "032-002-001",
"VMRS_GROUP_DESC": "MOTOR ASSEMBLY - STARTER",
"ACTIVE_UNITS": 178,
"RATE_PLAN_ID": 5820,
"TW_PER_UNIT": "11",
"BW_PER_UNIT": "11",
"EW_PER_UNIT": "0"
},
{
"__metadata": {
"type": "DTNA_PRD.Aftermarket.ASP.SS_Views.Costing.WebServices.ASPRATEPLAN.EXP_PLOTType",
"uri": "http://10.65.30.77:8006/DTNA_PRD/Aftermarket/ASP/SS_Views/Costing/WebServices/ASPRATEPLAN.xsodata/EXP_PLOT('292516994956436380')"
},
"ID": "292516994956436380",
"PRD_TYP_CD": "CHASSIS",
"RATE_PLAN_CUTOFF_DATE": "/Date(1541030400000)/",
"IN_SRVC_YR": "2016",
"VOC_CATEGORY": "STANDARD",
"DOMCL_CNTRY_CD": "USA AND CAN",
"PRODUCT_TYPE": "HD",
"ENGINE_TORQUE": "",
"DEDUCT_AMT": 0,
"CVRG_GROUP": "EXTENDED BASIC VEHICLE",
"CVRG_MONTHS": 24,
"MIS": 8,
"TOTAL_UNITS": 178,
"VMRS_GROUP": "032-002-001",
"VMRS_GROUP_DESC": "MOTOR ASSEMBLY - STARTER",
"ACTIVE_UNITS": 178,
"RATE_PLAN_ID": 5820,
"TW_PER_UNIT": "13",
"BW_PER_UNIT": "13",
"EW_PER_UNIT": "0"
},
{
"__metadata": {
"type": "DTNA_PRD.Aftermarket.ASP.SS_Views.Costing.WebServices.ASPRATEPLAN.EXP_PLOTType",
"uri": "http://10.65.30.77:8006/DTNA_PRD/Aftermarket/ASP/SS_Views/Costing/WebServices/ASPRATEPLAN.xsodata/EXP_PLOT('292516994956436381')"
},
"ID": "292516994956436381",
"PRD_TYP_CD": "CHASSIS",
"RATE_PLAN_CUTOFF_DATE": "/Date(1541030400000)/",
"IN_SRVC_YR": "2016",
"VOC_CATEGORY": "STANDARD",
"DOMCL_CNTRY_CD": "USA AND CAN",
"PRODUCT_TYPE": "HD",
"ENGINE_TORQUE": "",
"DEDUCT_AMT": 0,
"CVRG_GROUP": "EXTENDED BASIC VEHICLE",
"CVRG_MONTHS": 24,
"MIS": 9,
"TOTAL_UNITS": 178,
"VMRS_GROUP": "032-002-001",
"VMRS_GROUP_DESC": "MOTOR ASSEMBLY - STARTER",
"ACTIVE_UNITS": 178,
"RATE_PLAN_ID": 5820,
"TW_PER_UNIT": "16",
"BW_PER_UNIT": "16",
"EW_PER_UNIT": "0"
},
{
"__metadata": {
"type": "DTNA_PRD.Aftermarket.ASP.SS_Views.Costing.WebServices.ASPRATEPLAN.EXP_PLOTType",
"uri": "http://10.65.30.77:8006/DTNA_PRD/Aftermarket/ASP/SS_Views/Costing/WebServices/ASPRATEPLAN.xsodata/EXP_PLOT('292516994956436382')"
},
"ID": "292516994956436382",
"PRD_TYP_CD": "CHASSIS",
"RATE_PLAN_CUTOFF_DATE": "/Date(1541030400000)/",
"IN_SRVC_YR": "2016",
"VOC_CATEGORY": "STANDARD",
"DOMCL_CNTRY_CD": "USA AND CAN",
"PRODUCT_TYPE": "HD",
"ENGINE_TORQUE": "",
"DEDUCT_AMT": 0,
"CVRG_GROUP": "EXTENDED BASIC VEHICLE",
"CVRG_MONTHS": 24,
"MIS": 10,
"TOTAL_UNITS": 178,
"VMRS_GROUP": "032-002-001",
"VMRS_GROUP_DESC": "MOTOR ASSEMBLY - STARTER",
"ACTIVE_UNITS": 178,
"RATE_PLAN_ID": 5820,
"TW_PER_UNIT": "28",
"BW_PER_UNIT": "23",
"EW_PER_UNIT": "5"
},
{
"__metadata": {
"type": "DTNA_PRD.Aftermarket.ASP.SS_Views.Costing.WebServices.ASPRATEPLAN.EXP_PLOTType",
"uri": "http://10.65.30.77:8006/DTNA_PRD/Aftermarket/ASP/SS_Views/Costing/WebServices/ASPRATEPLAN.xsodata/EXP_PLOT('292516994956436383')"
},
"ID": "292516994956436383",
"PRD_TYP_CD": "CHASSIS",
"RATE_PLAN_CUTOFF_DATE": "/Date(1541030400000)/",
"IN_SRVC_YR": "2016",
"VOC_CATEGORY": "STANDARD",
"DOMCL_CNTRY_CD": "USA AND CAN",
"PRODUCT_TYPE": "HD",
"ENGINE_TORQUE": "",
"DEDUCT_AMT": 0,
"CVRG_GROUP": "EXTENDED BASIC VEHICLE",
"CVRG_MONTHS": 24,
"MIS": 11,
"TOTAL_UNITS": 178,
"VMRS_GROUP": "032-002-001",
"VMRS_GROUP_DESC": "MOTOR ASSEMBLY - STARTER",
"ACTIVE_UNITS": 178,
"RATE_PLAN_ID": 5820,
"TW_PER_UNIT": "40",
"BW_PER_UNIT": "28",
"EW_PER_UNIT": "13"
},
{
"__metadata": {
"type": "DTNA_PRD.Aftermarket.ASP.SS_Views.Costing.WebServices.ASPRATEPLAN.EXP_PLOTType",
"uri": "http://10.65.30.77:8006/DTNA_PRD/Aftermarket/ASP/SS_Views/Costing/WebServices/ASPRATEPLAN.xsodata/EXP_PLOT('292516994956436384')"
},
"ID": "292516994956436384",
"PRD_TYP_CD": "CHASSIS",
"RATE_PLAN_CUTOFF_DATE": "/Date(1541030400000)/",
"IN_SRVC_YR": "2016",
"VOC_CATEGORY": "STANDARD",
"DOMCL_CNTRY_CD": "USA AND CAN",
"PRODUCT_TYPE": "HD",
"ENGINE_TORQUE": "",
"DEDUCT_AMT": 0,
"CVRG_GROUP": "EXTENDED BASIC VEHICLE",
"CVRG_MONTHS": 24,
"MIS": 12,
"TOTAL_UNITS": 178,
"VMRS_GROUP": "032-002-001",
"VMRS_GROUP_DESC": "MOTOR ASSEMBLY - STARTER",
"ACTIVE_UNITS": 178,
"RATE_PLAN_ID": 5820,
"TW_PER_UNIT": "53",
"BW_PER_UNIT": "28",
"EW_PER_UNIT": "25"
},
{
"__metadata": {
"type": "DTNA_PRD.Aftermarket.ASP.SS_Views.Costing.WebServices.ASPRATEPLAN.EXP_PLOTType",
"uri": "http://10.65.30.77:8006/DTNA_PRD/Aftermarket/ASP/SS_Views/Costing/WebServices/ASPRATEPLAN.xsodata/EXP_PLOT('292516994956436385')"
},
"ID": "292516994956436385",
"PRD_TYP_CD": "CHASSIS",
"RATE_PLAN_CUTOFF_DATE": "/Date(1541030400000)/",
"IN_SRVC_YR": "2016",
"VOC_CATEGORY": "STANDARD",
"DOMCL_CNTRY_CD": "USA AND CAN",
"PRODUCT_TYPE": "HD",
"ENGINE_TORQUE": "",
"DEDUCT_AMT": 0,
"CVRG_GROUP": "EXTENDED BASIC VEHICLE",
"CVRG_MONTHS": 24,
"MIS": 13,
"TOTAL_UNITS": 178,
"VMRS_GROUP": "032-002-001",
"VMRS_GROUP_DESC": "MOTOR ASSEMBLY - STARTER",
"ACTIVE_UNITS": 178,
"RATE_PLAN_ID": 5820,
"TW_PER_UNIT": "78",
"BW_PER_UNIT": "28",
"EW_PER_UNIT": "50"
},
{
"__metadata": {
"type": "DTNA_PRD.Aftermarket.ASP.SS_Views.Costing.WebServices.ASPRATEPLAN.EXP_PLOTType",
"uri": "http://10.65.30.77:8006/DTNA_PRD/Aftermarket/ASP/SS_Views/Costing/WebServices/ASPRATEPLAN.xsodata/EXP_PLOT('292516994956436386')"
},
"ID": "292516994956436386",
"PRD_TYP_CD": "CHASSIS",
"RATE_PLAN_CUTOFF_DATE": "/Date(1541030400000)/",
"IN_SRVC_YR": "2016",
"VOC_CATEGORY": "STANDARD",
"DOMCL_CNTRY_CD": "USA AND CAN",
"PRODUCT_TYPE": "HD",
"ENGINE_TORQUE": "",
"DEDUCT_AMT": 0,
"CVRG_GROUP": "EXTENDED BASIC VEHICLE",
"CVRG_MONTHS": 24,
"MIS": 14,
"TOTAL_UNITS": 178,
"VMRS_GROUP": "032-002-001",
"VMRS_GROUP_DESC": "MOTOR ASSEMBLY - STARTER",
"ACTIVE_UNITS": 178,
"RATE_PLAN_ID": 5820,
"TW_PER_UNIT": "104",
"BW_PER_UNIT": "28",
"EW_PER_UNIT": "76"
},
{
"__metadata": {
"type": "DTNA_PRD.Aftermarket.ASP.SS_Views.Costing.WebServices.ASPRATEPLAN.EXP_PLOTType",
"uri": "http://10.65.30.77:8006/DTNA_PRD/Aftermarket/ASP/SS_Views/Costing/WebServices/ASPRATEPLAN.xsodata/EXP_PLOT('292516994956436387')"
},
"ID": "292516994956436387",
"PRD_TYP_CD": "CHASSIS",
"RATE_PLAN_CUTOFF_DATE": "/Date(1541030400000)/",
"IN_SRVC_YR": "2016",
"VOC_CATEGORY": "STANDARD",
"DOMCL_CNTRY_CD": "USA AND CAN",
"PRODUCT_TYPE": "HD",
"ENGINE_TORQUE": "",
"DEDUCT_AMT": 0,
"CVRG_GROUP": "EXTENDED BASIC VEHICLE",
"CVRG_MONTHS": 24,
"MIS": 15,
"TOTAL_UNITS": 178,
"VMRS_GROUP": "032-002-001",
"VMRS_GROUP_DESC": "MOTOR ASSEMBLY - STARTER",
"ACTIVE_UNITS": 178,
"RATE_PLAN_ID": 5820,
"TW_PER_UNIT": "131",
"BW_PER_UNIT": "28",
"EW_PER_UNIT": "104"
},
{
"__metadata": {
"type": "DTNA_PRD.Aftermarket.ASP.SS_Views.Costing.WebServices.ASPRATEPLAN.EXP_PLOTType",
"uri": "http://10.65.30.77:8006/DTNA_PRD/Aftermarket/ASP/SS_Views/Costing/WebServices/ASPRATEPLAN.xsodata/EXP_PLOT('292516994956436388')"
},
"ID": "292516994956436388",
"PRD_TYP_CD": "CHASSIS",
"RATE_PLAN_CUTOFF_DATE": "/Date(1541030400000)/",
"IN_SRVC_YR": "2016",
"VOC_CATEGORY": "STANDARD",
"DOMCL_CNTRY_CD": "USA AND CAN",
"PRODUCT_TYPE": "HD",
"ENGINE_TORQUE": "",
"DEDUCT_AMT": 0,
"CVRG_GROUP": "EXTENDED BASIC VEHICLE",
"CVRG_MONTHS": 24,
"MIS": 16,
"TOTAL_UNITS": 178,
"VMRS_GROUP": "032-002-001",
"VMRS_GROUP_DESC": "MOTOR ASSEMBLY - STARTER",
"ACTIVE_UNITS": 178,
"RATE_PLAN_ID": 5820,
"TW_PER_UNIT": "164",
"BW_PER_UNIT": "28",
"EW_PER_UNIT": "136"
},
{
"__metadata": {
"type": "DTNA_PRD.Aftermarket.ASP.SS_Views.Costing.WebServices.ASPRATEPLAN.EXP_PLOTType",
"uri": "http://10.65.30.77:8006/DTNA_PRD/Aftermarket/ASP/SS_Views/Costing/WebServices/ASPRATEPLAN.xsodata/EXP_PLOT('292516994956436389')"
},
"ID": "292516994956436389",
"PRD_TYP_CD": "CHASSIS",
"RATE_PLAN_CUTOFF_DATE": "/Date(1541030400000)/",
"IN_SRVC_YR": "2016",
"VOC_CATEGORY": "STANDARD",
"DOMCL_CNTRY_CD": "USA AND CAN",
"PRODUCT_TYPE": "HD",
"ENGINE_TORQUE": "",
"DEDUCT_AMT": 0,
"CVRG_GROUP": "EXTENDED BASIC VEHICLE",
"CVRG_MONTHS": 24,
"MIS": 17,
"TOTAL_UNITS": 178,
"VMRS_GROUP": "032-002-001",
"VMRS_GROUP_DESC": "MOTOR ASSEMBLY - STARTER",
"ACTIVE_UNITS": 178,
"RATE_PLAN_ID": 5820,
"TW_PER_UNIT": "249",
"BW_PER_UNIT": "28",
"EW_PER_UNIT": "221"
},
{
"__metadata": {
"type": "DTNA_PRD.Aftermarket.ASP.SS_Views.Costing.WebServices.ASPRATEPLAN.EXP_PLOTType",
"uri": "http://10.65.30.77:8006/DTNA_PRD/Aftermarket/ASP/SS_Views/Costing/WebServices/ASPRATEPLAN.xsodata/EXP_PLOT('292516994956436390')"
},
"ID": "292516994956436390",
"PRD_TYP_CD": "CHASSIS",
"RATE_PLAN_CUTOFF_DATE": "/Date(1541030400000)/",
"IN_SRVC_YR": "2016",
"VOC_CATEGORY": "STANDARD",
"DOMCL_CNTRY_CD": "USA AND CAN",
"PRODUCT_TYPE": "HD",
"ENGINE_TORQUE": "",
"DEDUCT_AMT": 0,
"CVRG_GROUP": "EXTENDED BASIC VEHICLE",
"CVRG_MONTHS": 24,
"MIS": 18,
"TOTAL_UNITS": 178,
"VMRS_GROUP": "032-002-001",
"VMRS_GROUP_DESC": "MOTOR ASSEMBLY - STARTER",
"ACTIVE_UNITS": 178,
"RATE_PLAN_ID": 5820,
"TW_PER_UNIT": "334",
"BW_PER_UNIT": "28",
"EW_PER_UNIT": "306"
},
{
"__metadata": {
"type": "DTNA_PRD.Aftermarket.ASP.SS_Views.Costing.WebServices.ASPRATEPLAN.EXP_PLOTType",
"uri": "http://10.65.30.77:8006/DTNA_PRD/Aftermarket/ASP/SS_Views/Costing/WebServices/ASPRATEPLAN.xsodata/EXP_PLOT('292516994956436391')"
},
"ID": "292516994956436391",
"PRD_TYP_CD": "CHASSIS",
"RATE_PLAN_CUTOFF_DATE": "/Date(1541030400000)/",
"IN_SRVC_YR": "2016",
"VOC_CATEGORY": "STANDARD",
"DOMCL_CNTRY_CD": "USA AND CAN",
"PRODUCT_TYPE": "HD",
"ENGINE_TORQUE": "",
"DEDUCT_AMT": 0,
"CVRG_GROUP": "EXTENDED BASIC VEHICLE",
"CVRG_MONTHS": 24,
"MIS": 19,
"TOTAL_UNITS": 178,
"VMRS_GROUP": "032-002-001",
"VMRS_GROUP_DESC": "MOTOR ASSEMBLY - STARTER",
"ACTIVE_UNITS": 178,
"RATE_PLAN_ID": 5820,
"TW_PER_UNIT": "430",
"BW_PER_UNIT": "28",
"EW_PER_UNIT": "402"
},
{
"__metadata": {
"type": "DTNA_PRD.Aftermarket.ASP.SS_Views.Costing.WebServices.ASPRATEPLAN.EXP_PLOTType",
"uri": "http://10.65.30.77:8006/DTNA_PRD/Aftermarket/ASP/SS_Views/Costing/WebServices/ASPRATEPLAN.xsodata/EXP_PLOT('292516994956436392')"
},
"ID": "292516994956436392",
"PRD_TYP_CD": "CHASSIS",
"RATE_PLAN_CUTOFF_DATE": "/Date(1541030400000)/",
"IN_SRVC_YR": "2016",
"VOC_CATEGORY": "STANDARD",
"DOMCL_CNTRY_CD": "USA AND CAN",
"PRODUCT_TYPE": "HD",
"ENGINE_TORQUE": "",
"DEDUCT_AMT": 0,
"CVRG_GROUP": "EXTENDED BASIC VEHICLE",
"CVRG_MONTHS": 24,
"MIS": 20,
"TOTAL_UNITS": 178,
"VMRS_GROUP": "032-002-001",
"VMRS_GROUP_DESC": "MOTOR ASSEMBLY - STARTER",
"ACTIVE_UNITS": 178,
"RATE_PLAN_ID": 5820,
"TW_PER_UNIT": "473",
"BW_PER_UNIT": "28",
"EW_PER_UNIT": "445"
},
{
"__metadata": {
"type": "DTNA_PRD.Aftermarket.ASP.SS_Views.Costing.WebServices.ASPRATEPLAN.EXP_PLOTType",
"uri": "http://10.65.30.77:8006/DTNA_PRD/Aftermarket/ASP/SS_Views/Costing/WebServices/ASPRATEPLAN.xsodata/EXP_PLOT('292516994956436393')"
},
"ID": "292516994956436393",
"PRD_TYP_CD": "CHASSIS",
"RATE_PLAN_CUTOFF_DATE": "/Date(1541030400000)/",
"IN_SRVC_YR": "2016",
"VOC_CATEGORY": "STANDARD",
"DOMCL_CNTRY_CD": "USA AND CAN",
"PRODUCT_TYPE": "HD",
"ENGINE_TORQUE": "",
"DEDUCT_AMT": 0,
"CVRG_GROUP": "EXTENDED BASIC VEHICLE",
"CVRG_MONTHS": 24,
"MIS": 21,
"TOTAL_UNITS": 178,
"VMRS_GROUP": "032-002-001",
"VMRS_GROUP_DESC": "MOTOR ASSEMBLY - STARTER",
"ACTIVE_UNITS": 178,
"RATE_PLAN_ID": 5820,
"TW_PER_UNIT": "508",
"BW_PER_UNIT": "28",
"EW_PER_UNIT": "481"
},
{
"__metadata": {
"type": "DTNA_PRD.Aftermarket.ASP.SS_Views.Costing.WebServices.ASPRATEPLAN.EXP_PLOTType",
"uri": "http://10.65.30.77:8006/DTNA_PRD/Aftermarket/ASP/SS_Views/Costing/WebServices/ASPRATEPLAN.xsodata/EXP_PLOT('292516994956436394')"
},
"ID": "292516994956436394",
"PRD_TYP_CD": "CHASSIS",
"RATE_PLAN_CUTOFF_DATE": "/Date(1541030400000)/",
"IN_SRVC_YR": "2016",
"VOC_CATEGORY": "STANDARD",
"DOMCL_CNTRY_CD": "USA AND CAN",
"PRODUCT_TYPE": "HD",
"ENGINE_TORQUE": "",
"DEDUCT_AMT": 0,
"CVRG_GROUP": "EXTENDED BASIC VEHICLE",
"CVRG_MONTHS": 24,
"MIS": 22,
"TOTAL_UNITS": 178,
"VMRS_GROUP": "032-002-001",
"VMRS_GROUP_DESC": "MOTOR ASSEMBLY - STARTER",
"ACTIVE_UNITS": 178,
"RATE_PLAN_ID": 5820,
"TW_PER_UNIT": "557",
"BW_PER_UNIT": "28",
"EW_PER_UNIT": "529"
},
{
"__metadata": {
"type": "DTNA_PRD.Aftermarket.ASP.SS_Views.Costing.WebServices.ASPRATEPLAN.EXP_PLOTType",
"uri": "http://10.65.30.77:8006/DTNA_PRD/Aftermarket/ASP/SS_Views/Costing/WebServices/ASPRATEPLAN.xsodata/EXP_PLOT('292516994956436395')"
},
"ID": "292516994956436395",
"PRD_TYP_CD": "CHASSIS",
"RATE_PLAN_CUTOFF_DATE": "/Date(1541030400000)/",
"IN_SRVC_YR": "2016",
"VOC_CATEGORY": "STANDARD",
"DOMCL_CNTRY_CD": "USA AND CAN",
"PRODUCT_TYPE": "HD",
"ENGINE_TORQUE": "",
"DEDUCT_AMT": 0,
"CVRG_GROUP": "EXTENDED BASIC VEHICLE",
"CVRG_MONTHS": 24,
"MIS": 23,
"TOTAL_UNITS": 178,
"VMRS_GROUP": "032-002-001",
"VMRS_GROUP_DESC": "MOTOR ASSEMBLY - STARTER",
"ACTIVE_UNITS": 178,
"RATE_PLAN_ID": 5820,
"TW_PER_UNIT": "573",
"BW_PER_UNIT": "28",
"EW_PER_UNIT": "546"
},
{
"__metadata": {
"type": "DTNA_PRD.Aftermarket.ASP.SS_Views.Costing.WebServices.ASPRATEPLAN.EXP_PLOTType",
"uri": "http://10.65.30.77:8006/DTNA_PRD/Aftermarket/ASP/SS_Views/Costing/WebServices/ASPRATEPLAN.xsodata/EXP_PLOT('292516994956436396')"
},
"ID": "292516994956436396",
"PRD_TYP_CD": "CHASSIS",
"RATE_PLAN_CUTOFF_DATE": "/Date(1541030400000)/",
"IN_SRVC_YR": "2016",
"VOC_CATEGORY": "STANDARD",
"DOMCL_CNTRY_CD": "USA AND CAN",
"PRODUCT_TYPE": "HD",
"ENGINE_TORQUE": "",
"DEDUCT_AMT": 0,
"CVRG_GROUP": "EXTENDED BASIC VEHICLE",
"CVRG_MONTHS": 24,
"MIS": 24,
"TOTAL_UNITS": 178,
"VMRS_GROUP": "032-002-001",
"VMRS_GROUP_DESC": "MOTOR ASSEMBLY - STARTER",
"ACTIVE_UNITS": 178,
"RATE_PLAN_ID": 5820,
"TW_PER_UNIT": "583",
"BW_PER_UNIT": "28",
"EW_PER_UNIT": "556"
},
{
"__metadata": {
"type": "DTNA_PRD.Aftermarket.ASP.SS_Views.Costing.WebServices.ASPRATEPLAN.EXP_PLOTType",
"uri": "http://10.65.30.77:8006/DTNA_PRD/Aftermarket/ASP/SS_Views/Costing/WebServices/ASPRATEPLAN.xsodata/EXP_PLOT('292516994956436397')"
},
"ID": "292516994956436397",
"PRD_TYP_CD": "CHASSIS",
"RATE_PLAN_CUTOFF_DATE": "/Date(1541030400000)/",
"IN_SRVC_YR": "2017",
"VOC_CATEGORY": "STANDARD",
"DOMCL_CNTRY_CD": "USA AND CAN",
"PRODUCT_TYPE": "HD",
"ENGINE_TORQUE": "",
"DEDUCT_AMT": 0,
"CVRG_GROUP": "EXTENDED BASIC VEHICLE",
"CVRG_MONTHS": 24,
"MIS": 1,
"TOTAL_UNITS": 21,
"VMRS_GROUP": "032-002-001",
"VMRS_GROUP_DESC": "MOTOR ASSEMBLY - STARTER",
"ACTIVE_UNITS": 21,
"RATE_PLAN_ID": 5820,
"TW_PER_UNIT": "0",
"BW_PER_UNIT": "0",
"EW_PER_UNIT": "0"
},
{
"__metadata": {
"type": "DTNA_PRD.Aftermarket.ASP.SS_Views.Costing.WebServices.ASPRATEPLAN.EXP_PLOTType",
"uri": "http://10.65.30.77:8006/DTNA_PRD/Aftermarket/ASP/SS_Views/Costing/WebServices/ASPRATEPLAN.xsodata/EXP_PLOT('292516994956436398')"
},
"ID": "292516994956436398",
"PRD_TYP_CD": "CHASSIS",
"RATE_PLAN_CUTOFF_DATE": "/Date(1541030400000)/",
"IN_SRVC_YR": "2017",
"VOC_CATEGORY": "STANDARD",
"DOMCL_CNTRY_CD": "USA AND CAN",
"PRODUCT_TYPE": "HD",
"ENGINE_TORQUE": "",
"DEDUCT_AMT": 0,
"CVRG_GROUP": "EXTENDED BASIC VEHICLE",
"CVRG_MONTHS": 24,
"MIS": 2,
"TOTAL_UNITS": 21,
"VMRS_GROUP": "032-002-001",
"VMRS_GROUP_DESC": "MOTOR ASSEMBLY - STARTER",
"ACTIVE_UNITS": 21,
"RATE_PLAN_ID": 5820,
"TW_PER_UNIT": "0",
"BW_PER_UNIT": "0",
"EW_PER_UNIT": "0"
},
{
"__metadata": {
"type": "DTNA_PRD.Aftermarket.ASP.SS_Views.Costing.WebServices.ASPRATEPLAN.EXP_PLOTType",
"uri": "http://10.65.30.77:8006/DTNA_PRD/Aftermarket/ASP/SS_Views/Costing/WebServices/ASPRATEPLAN.xsodata/EXP_PLOT('292516994956436399')"
},
"ID": "292516994956436399",
"PRD_TYP_CD": "CHASSIS",
"RATE_PLAN_CUTOFF_DATE": "/Date(1541030400000)/",
"IN_SRVC_YR": "2017",
"VOC_CATEGORY": "STANDARD",
"DOMCL_CNTRY_CD": "USA AND CAN",
"PRODUCT_TYPE": "HD",
"ENGINE_TORQUE": "",
"DEDUCT_AMT": 0,
"CVRG_GROUP": "EXTENDED BASIC VEHICLE",
"CVRG_MONTHS": 24,
"MIS": 3,
"TOTAL_UNITS": 21,
"VMRS_GROUP": "032-002-001",
"VMRS_GROUP_DESC": "MOTOR ASSEMBLY - STARTER",
"ACTIVE_UNITS": 21,
"RATE_PLAN_ID": 5820,
"TW_PER_UNIT": "39",
"BW_PER_UNIT": "39",
"EW_PER_UNIT": "0"
},
{
"__metadata": {
"type": "DTNA_PRD.Aftermarket.ASP.SS_Views.Costing.WebServices.ASPRATEPLAN.EXP_PLOTType",
"uri": "http://10.65.30.77:8006/DTNA_PRD/Aftermarket/ASP/SS_Views/Costing/WebServices/ASPRATEPLAN.xsodata/EXP_PLOT('2925169949564363100')"
},
"ID": "2925169949564363100",
"PRD_TYP_CD": "CHASSIS",
"RATE_PLAN_CUTOFF_DATE": "/Date(1541030400000)/",
"IN_SRVC_YR": "2017",
"VOC_CATEGORY": "STANDARD",
"DOMCL_CNTRY_CD": "USA AND CAN",
"PRODUCT_TYPE": "HD",
"ENGINE_TORQUE": "",
"DEDUCT_AMT": 0,
"CVRG_GROUP": "EXTENDED BASIC VEHICLE",
"CVRG_MONTHS": 24,
"MIS": 4,
"TOTAL_UNITS": 21,
"VMRS_GROUP": "032-002-001",
"VMRS_GROUP_DESC": "MOTOR ASSEMBLY - STARTER",
"ACTIVE_UNITS": 21,
"RATE_PLAN_ID": 5820,
"TW_PER_UNIT": "39",
"BW_PER_UNIT": "39",
"EW_PER_UNIT": "0"
},
{
"__metadata": {
"type": "DTNA_PRD.Aftermarket.ASP.SS_Views.Costing.WebServices.ASPRATEPLAN.EXP_PLOTType",
"uri": "http://10.65.30.77:8006/DTNA_PRD/Aftermarket/ASP/SS_Views/Costing/WebServices/ASPRATEPLAN.xsodata/EXP_PLOT('2925169949564363101')"
},
"ID": "2925169949564363101",
"PRD_TYP_CD": "CHASSIS",
"RATE_PLAN_CUTOFF_DATE": "/Date(1541030400000)/",
"IN_SRVC_YR": "2017",
"VOC_CATEGORY": "STANDARD",
"DOMCL_CNTRY_CD": "USA AND CAN",
"PRODUCT_TYPE": "HD",
"ENGINE_TORQUE": "",
"DEDUCT_AMT": 0,
"CVRG_GROUP": "EXTENDED BASIC VEHICLE",
"CVRG_MONTHS": 24,
"MIS": 5,
"TOTAL_UNITS": 21,
"VMRS_GROUP": "032-002-001",
"VMRS_GROUP_DESC": "MOTOR ASSEMBLY - STARTER",
"ACTIVE_UNITS": 21,
"RATE_PLAN_ID": 5820,
"TW_PER_UNIT": "56",
"BW_PER_UNIT": "39",
"EW_PER_UNIT": "17"
},
{
"__metadata": {
"type": "DTNA_PRD.Aftermarket.ASP.SS_Views.Costing.WebServices.ASPRATEPLAN.EXP_PLOTType",
"uri": "http://10.65.30.77:8006/DTNA_PRD/Aftermarket/ASP/SS_Views/Costing/WebServices/ASPRATEPLAN.xsodata/EXP_PLOT('2925169949564363102')"
},
"ID": "2925169949564363102",
"PRD_TYP_CD": "CHASSIS",
"RATE_PLAN_CUTOFF_DATE": "/Date(1541030400000)/",
"IN_SRVC_YR": "2017",
"VOC_CATEGORY": "STANDARD",
"DOMCL_CNTRY_CD": "USA AND CAN",
"PRODUCT_TYPE": "HD",
"ENGINE_TORQUE": "",
"DEDUCT_AMT": 0,
"CVRG_GROUP": "EXTENDED BASIC VEHICLE",
"CVRG_MONTHS": 24,
"MIS": 6,
"TOTAL_UNITS": 21,
"VMRS_GROUP": "032-002-001",
"VMRS_GROUP_DESC": "MOTOR ASSEMBLY - STARTER",
"ACTIVE_UNITS": 21,
"RATE_PLAN_ID": 5820,
"TW_PER_UNIT": "96",
"BW_PER_UNIT": "60",
"EW_PER_UNIT": "36"
},
{
"__metadata": {
"type": "DTNA_PRD.Aftermarket.ASP.SS_Views.Costing.WebServices.ASPRATEPLAN.EXP_PLOTType",
"uri": "http://10.65.30.77:8006/DTNA_PRD/Aftermarket/ASP/SS_Views/Costing/WebServices/ASPRATEPLAN.xsodata/EXP_PLOT('2925169949564363103')"
},
"ID": "2925169949564363103",
"PRD_TYP_CD": "CHASSIS",
"RATE_PLAN_CUTOFF_DATE": "/Date(1541030400000)/",
"IN_SRVC_YR": "2017",
"VOC_CATEGORY": "STANDARD",
"DOMCL_CNTRY_CD": "USA AND CAN",
"PRODUCT_TYPE": "HD",
"ENGINE_TORQUE": "",
"DEDUCT_AMT": 0,
"CVRG_GROUP": "EXTENDED BASIC VEHICLE",
"CVRG_MONTHS": 24,
"MIS": 7,
"TOTAL_UNITS": 21,
"VMRS_GROUP": "032-002-001",
"VMRS_GROUP_DESC": "MOTOR ASSEMBLY - STARTER",
"ACTIVE_UNITS": 21,
"RATE_PLAN_ID": 5820,
"TW_PER_UNIT": "117",
"BW_PER_UNIT": "60",
"EW_PER_UNIT": "57"
},
{
"__metadata": {
"type": "DTNA_PRD.Aftermarket.ASP.SS_Views.Costing.WebServices.ASPRATEPLAN.EXP_PLOTType",
"uri": "http://10.65.30.77:8006/DTNA_PRD/Aftermarket/ASP/SS_Views/Costing/WebServices/ASPRATEPLAN.xsodata/EXP_PLOT('2925169949564363104')"
},
"ID": "2925169949564363104",
"PRD_TYP_CD": "CHASSIS",
"RATE_PLAN_CUTOFF_DATE": "/Date(1541030400000)/",
"IN_SRVC_YR": "2017",
"VOC_CATEGORY": "STANDARD",
"DOMCL_CNTRY_CD": "USA AND CAN",
"PRODUCT_TYPE": "HD",
"ENGINE_TORQUE": "",
"DEDUCT_AMT": 0,
"CVRG_GROUP": "EXTENDED BASIC VEHICLE",
"CVRG_MONTHS": 24,
"MIS": 8,
"TOTAL_UNITS": 21,
"VMRS_GROUP": "032-002-001",
"VMRS_GROUP_DESC": "MOTOR ASSEMBLY - STARTER",
"ACTIVE_UNITS": 21,
"RATE_PLAN_ID": 5820,
"TW_PER_UNIT": "162",
"BW_PER_UNIT": "77",
"EW_PER_UNIT": "85"
},
{
"__metadata": {
"type": "DTNA_PRD.Aftermarket.ASP.SS_Views.Costing.WebServices.ASPRATEPLAN.EXP_PLOTType",
"uri": "http://10.65.30.77:8006/DTNA_PRD/Aftermarket/ASP/SS_Views/Costing/WebServices/ASPRATEPLAN.xsodata/EXP_PLOT('2925169949564363105')"
},
"ID": "2925169949564363105",
"PRD_TYP_CD": "CHASSIS",
"RATE_PLAN_CUTOFF_DATE": "/Date(1541030400000)/",
"IN_SRVC_YR": "2017",
"VOC_CATEGORY": "STANDARD",
"DOMCL_CNTRY_CD": "USA AND CAN",
"PRODUCT_TYPE": "HD",
"ENGINE_TORQUE": "",
"DEDUCT_AMT": 0,
"CVRG_GROUP": "EXTENDED BASIC VEHICLE",
"CVRG_MONTHS": 24,
"MIS": 9,
"TOTAL_UNITS": 21,
"VMRS_GROUP": "032-002-001",
"VMRS_GROUP_DESC": "MOTOR ASSEMBLY - STARTER",
"ACTIVE_UNITS": 21,
"RATE_PLAN_ID": 5820,
"TW_PER_UNIT": "183",
"BW_PER_UNIT": "77",
"EW_PER_UNIT": "106"
},
{
"__metadata": {
"type": "DTNA_PRD.Aftermarket.ASP.SS_Views.Costing.WebServices.ASPRATEPLAN.EXP_PLOTType",
"uri": "http://10.65.30.77:8006/DTNA_PRD/Aftermarket/ASP/SS_Views/Costing/WebServices/ASPRATEPLAN.xsodata/EXP_PLOT('2925169949564363106')"
},
"ID": "2925169949564363106",
"PRD_TYP_CD": "CHASSIS",
"RATE_PLAN_CUTOFF_DATE": "/Date(1541030400000)/",
"IN_SRVC_YR": "2017",
"VOC_CATEGORY": "STANDARD",
"DOMCL_CNTRY_CD": "USA AND CAN",
"PRODUCT_TYPE": "HD",
"ENGINE_TORQUE": "",
"DEDUCT_AMT": 0,
"CVRG_GROUP": "EXTENDED BASIC VEHICLE",
"CVRG_MONTHS": 24,
"MIS": 10,
"TOTAL_UNITS": 21,
"VMRS_GROUP": "032-002-001",
"VMRS_GROUP_DESC": "MOTOR ASSEMBLY - STARTER",
"ACTIVE_UNITS": 21,
"RATE_PLAN_ID": 5820,
"TW_PER_UNIT": "321",
"BW_PER_UNIT": "77",
"EW_PER_UNIT": "244"
},
{
"__metadata": {
"type": "DTNA_PRD.Aftermarket.ASP.SS_Views.Costing.WebServices.ASPRATEPLAN.EXP_PLOTType",
"uri": "http://10.65.30.77:8006/DTNA_PRD/Aftermarket/ASP/SS_Views/Costing/WebServices/ASPRATEPLAN.xsodata/EXP_PLOT('2925169949564363107')"
},
"ID": "2925169949564363107",
"PRD_TYP_CD": "CHASSIS",
"RATE_PLAN_CUTOFF_DATE": "/Date(1541030400000)/",
"IN_SRVC_YR": "2017",
"VOC_CATEGORY": "STANDARD",
"DOMCL_CNTRY_CD": "USA AND CAN",
"PRODUCT_TYPE": "HD",
"ENGINE_TORQUE": "",
"DEDUCT_AMT": 0,
"CVRG_GROUP": "EXTENDED BASIC VEHICLE",
"CVRG_MONTHS": 24,
"MIS": 11,
"TOTAL_UNITS": 21,
"VMRS_GROUP": "032-002-001",
"VMRS_GROUP_DESC": "MOTOR ASSEMBLY - STARTER",
"ACTIVE_UNITS": 21,
"RATE_PLAN_ID": 5820,
"TW_PER_UNIT": "365",
"BW_PER_UNIT": "77",
"EW_PER_UNIT": "288"
},
{
"__metadata": {
"type": "DTNA_PRD.Aftermarket.ASP.SS_Views.Costing.WebServices.ASPRATEPLAN.EXP_PLOTType",
"uri": "http://10.65.30.77:8006/DTNA_PRD/Aftermarket/ASP/SS_Views/Costing/WebServices/ASPRATEPLAN.xsodata/EXP_PLOT('2925169949564363108')"
},
"ID": "2925169949564363108",
"PRD_TYP_CD": "CHASSIS",
"RATE_PLAN_CUTOFF_DATE": "/Date(1541030400000)/",
"IN_SRVC_YR": "2017",
"VOC_CATEGORY": "STANDARD",
"DOMCL_CNTRY_CD": "USA AND CAN",
"PRODUCT_TYPE": "HD",
"ENGINE_TORQUE": "",
"DEDUCT_AMT": 0,
"CVRG_GROUP": "EXTENDED BASIC VEHICLE",
"CVRG_MONTHS": 24,
"MIS": 12,
"TOTAL_UNITS": 21,
"VMRS_GROUP": "032-002-001",
"VMRS_GROUP_DESC": "MOTOR ASSEMBLY - STARTER",
"ACTIVE_UNITS": 21,
"RATE_PLAN_ID": 5820,
"TW_PER_UNIT": "425",
"BW_PER_UNIT": "77",
"EW_PER_UNIT": "348"
},
{
"__metadata": {
"type": "DTNA_PRD.Aftermarket.ASP.SS_Views.Costing.WebServices.ASPRATEPLAN.EXP_PLOTType",
"uri": "http://10.65.30.77:8006/DTNA_PRD/Aftermarket/ASP/SS_Views/Costing/WebServices/ASPRATEPLAN.xsodata/EXP_PLOT('2925169949564363109')"
},
"ID": "2925169949564363109",
"PRD_TYP_CD": "CHASSIS",
"RATE_PLAN_CUTOFF_DATE": "/Date(1541030400000)/",
"IN_SRVC_YR": "2017",
"VOC_CATEGORY": "STANDARD",
"DOMCL_CNTRY_CD": "USA AND CAN",
"PRODUCT_TYPE": "HD",
"ENGINE_TORQUE": "",
"DEDUCT_AMT": 0,
"CVRG_GROUP": "EXTENDED BASIC VEHICLE",
"CVRG_MONTHS": 24,
"MIS": 13,
"TOTAL_UNITS": 21,
"VMRS_GROUP": "032-002-001",
"VMRS_GROUP_DESC": "MOTOR ASSEMBLY - STARTER",
"ACTIVE_UNITS": 21,
"RATE_PLAN_ID": 5820,
"TW_PER_UNIT": "425",
"BW_PER_UNIT": "77",
"EW_PER_UNIT": "348"
},
{
"__metadata": {
"type": "DTNA_PRD.Aftermarket.ASP.SS_Views.Costing.WebServices.ASPRATEPLAN.EXP_PLOTType",
"uri": "http://10.65.30.77:8006/DTNA_PRD/Aftermarket/ASP/SS_Views/Costing/WebServices/ASPRATEPLAN.xsodata/EXP_PLOT('2925169949564363110')"
},
"ID": "2925169949564363110",
"PRD_TYP_CD": "CHASSIS",
"RATE_PLAN_CUTOFF_DATE": "/Date(1541030400000)/",
"IN_SRVC_YR": "2017",
"VOC_CATEGORY": "STANDARD",
"DOMCL_CNTRY_CD": "USA AND CAN",
"PRODUCT_TYPE": "HD",
"ENGINE_TORQUE": "",
"DEDUCT_AMT": 0,
"CVRG_GROUP": "EXTENDED BASIC VEHICLE",
"CVRG_MONTHS": 24,
"MIS": 14,
"TOTAL_UNITS": 21,
"VMRS_GROUP": "032-002-001",
"VMRS_GROUP_DESC": "MOTOR ASSEMBLY - STARTER",
"ACTIVE_UNITS": 21,
"RATE_PLAN_ID": 5820,
"TW_PER_UNIT": "425",
"BW_PER_UNIT": "77",
"EW_PER_UNIT": "348"
},
{
"__metadata": {
"type": "DTNA_PRD.Aftermarket.ASP.SS_Views.Costing.WebServices.ASPRATEPLAN.EXP_PLOTType",
"uri": "http://10.65.30.77:8006/DTNA_PRD/Aftermarket/ASP/SS_Views/Costing/WebServices/ASPRATEPLAN.xsodata/EXP_PLOT('2925169949564363111')"
},
"ID": "2925169949564363111",
"PRD_TYP_CD": "CHASSIS",
"RATE_PLAN_CUTOFF_DATE": "/Date(1541030400000)/",
"IN_SRVC_YR": "2017",
"VOC_CATEGORY": "STANDARD",
"DOMCL_CNTRY_CD": "USA AND CAN",
"PRODUCT_TYPE": "HD",
"ENGINE_TORQUE": "",
"DEDUCT_AMT": 0,
"CVRG_GROUP": "EXTENDED BASIC VEHICLE",
"CVRG_MONTHS": 24,
"MIS": 15,
"TOTAL_UNITS": 21,
"VMRS_GROUP": "032-002-001",
"VMRS_GROUP_DESC": "MOTOR ASSEMBLY - STARTER",
"ACTIVE_UNITS": 21,
"RATE_PLAN_ID": 5820,
"TW_PER_UNIT": "425",
"BW_PER_UNIT": "77",
"EW_PER_UNIT": "348"
},
{
"__metadata": {
"type": "DTNA_PRD.Aftermarket.ASP.SS_Views.Costing.WebServices.ASPRATEPLAN.EXP_PLOTType",
"uri": "http://10.65.30.77:8006/DTNA_PRD/Aftermarket/ASP/SS_Views/Costing/WebServices/ASPRATEPLAN.xsodata/EXP_PLOT('2925169949564363112')"
},
"ID": "2925169949564363112",
"PRD_TYP_CD": "CHASSIS",
"RATE_PLAN_CUTOFF_DATE": "/Date(1541030400000)/",
"IN_SRVC_YR": "2017",
"VOC_CATEGORY": "STANDARD",
"DOMCL_CNTRY_CD": "USA AND CAN",
"PRODUCT_TYPE": "HD",
"ENGINE_TORQUE": "",
"DEDUCT_AMT": 0,
"CVRG_GROUP": "EXTENDED BASIC VEHICLE",
"CVRG_MONTHS": 24,
"MIS": 16,
"TOTAL_UNITS": 21,
"VMRS_GROUP": "032-002-001",
"VMRS_GROUP_DESC": "MOTOR ASSEMBLY - STARTER",
"ACTIVE_UNITS": 21,
"RATE_PLAN_ID": 5820,
"TW_PER_UNIT": "539",
"BW_PER_UNIT": "77",
"EW_PER_UNIT": "462"
},
{
"__metadata": {
"type": "DTNA_PRD.Aftermarket.ASP.SS_Views.Costing.WebServices.ASPRATEPLAN.EXP_PLOTType",
"uri": "http://10.65.30.77:8006/DTNA_PRD/Aftermarket/ASP/SS_Views/Costing/WebServices/ASPRATEPLAN.xsodata/EXP_PLOT('2925169949564363113')"
},
"ID": "2925169949564363113",
"PRD_TYP_CD": "CHASSIS",
"RATE_PLAN_CUTOFF_DATE": "/Date(1541030400000)/",
"IN_SRVC_YR": "2017",
"VOC_CATEGORY": "STANDARD",
"DOMCL_CNTRY_CD": "USA AND CAN",
"PRODUCT_TYPE": "HD",
"ENGINE_TORQUE": "",
"DEDUCT_AMT": 0,
"CVRG_GROUP": "EXTENDED BASIC VEHICLE",
"CVRG_MONTHS": 24,
"MIS": 17,
"TOTAL_UNITS": 21,
"VMRS_GROUP": "032-002-001",
"VMRS_GROUP_DESC": "MOTOR ASSEMBLY - STARTER",
"ACTIVE_UNITS": 21,
"RATE_PLAN_ID": 5820,
"TW_PER_UNIT": "574",
"BW_PER_UNIT": "77",
"EW_PER_UNIT": "497"
},
{
"__metadata": {
"type": "DTNA_PRD.Aftermarket.ASP.SS_Views.Costing.WebServices.ASPRATEPLAN.EXP_PLOTType",
"uri": "http://10.65.30.77:8006/DTNA_PRD/Aftermarket/ASP/SS_Views/Costing/WebServices/ASPRATEPLAN.xsodata/EXP_PLOT('2925169949564363114')"
},
"ID": "2925169949564363114",
"PRD_TYP_CD": "CHASSIS",
"RATE_PLAN_CUTOFF_DATE": "/Date(1541030400000)/",
"IN_SRVC_YR": "2017",
"VOC_CATEGORY": "STANDARD",
"DOMCL_CNTRY_CD": "USA AND CAN",
"PRODUCT_TYPE": "HD",
"ENGINE_TORQUE": "",
"DEDUCT_AMT": 0,
"CVRG_GROUP": "EXTENDED BASIC VEHICLE",
"CVRG_MONTHS": 24,
"MIS": 18,
"TOTAL_UNITS": 21,
"VMRS_GROUP": "032-002-001",
"VMRS_GROUP_DESC": "MOTOR ASSEMBLY - STARTER",
"ACTIVE_UNITS": 21,
"RATE_PLAN_ID": 5820,
"TW_PER_UNIT": "599",
"BW_PER_UNIT": "77",
"EW_PER_UNIT": "522"
},
{
"__metadata": {
"type": "DTNA_PRD.Aftermarket.ASP.SS_Views.Costing.WebServices.ASPRATEPLAN.EXP_PLOTType",
"uri": "http://10.65.30.77:8006/DTNA_PRD/Aftermarket/ASP/SS_Views/Costing/WebServices/ASPRATEPLAN.xsodata/EXP_PLOT('2925169949564363115')"
},
"ID": "2925169949564363115",
"PRD_TYP_CD": "CHASSIS",
"RATE_PLAN_CUTOFF_DATE": "/Date(1541030400000)/",
"IN_SRVC_YR": "2017",
"VOC_CATEGORY": "STANDARD",
"DOMCL_CNTRY_CD": "USA AND CAN",
"PRODUCT_TYPE": "HD",
"ENGINE_TORQUE": "",
"DEDUCT_AMT": 0,
"CVRG_GROUP": "EXTENDED BASIC VEHICLE",
"CVRG_MONTHS": 24,
"MIS": 19,
"TOTAL_UNITS": 21,
"VMRS_GROUP": "032-002-001",
"VMRS_GROUP_DESC": "MOTOR ASSEMBLY - STARTER",
"ACTIVE_UNITS": 21,
"RATE_PLAN_ID": 5820,
"TW_PER_UNIT": "599",
"BW_PER_UNIT": "77",
"EW_PER_UNIT": "522"
},
{
"__metadata": {
"type": "DTNA_PRD.Aftermarket.ASP.SS_Views.Costing.WebServices.ASPRATEPLAN.EXP_PLOTType",
"uri": "http://10.65.30.77:8006/DTNA_PRD/Aftermarket/ASP/SS_Views/Costing/WebServices/ASPRATEPLAN.xsodata/EXP_PLOT('2925169949564363116')"
},
"ID": "2925169949564363116",
"PRD_TYP_CD": "CHASSIS",
"RATE_PLAN_CUTOFF_DATE": "/Date(1541030400000)/",
"IN_SRVC_YR": "2017",
"VOC_CATEGORY": "STANDARD",
"DOMCL_CNTRY_CD": "USA AND CAN",
"PRODUCT_TYPE": "HD",
"ENGINE_TORQUE": "",
"DEDUCT_AMT": 0,
"CVRG_GROUP": "EXTENDED BASIC VEHICLE",
"CVRG_MONTHS": 24,
"MIS": 20,
"TOTAL_UNITS": 21,
"VMRS_GROUP": "032-002-001",
"VMRS_GROUP_DESC": "MOTOR ASSEMBLY - STARTER",
"ACTIVE_UNITS": 21,
"RATE_PLAN_ID": 5820,
"TW_PER_UNIT": "599",
"BW_PER_UNIT": "77",
"EW_PER_UNIT": "522"
},
{
"__metadata": {
"type": "DTNA_PRD.Aftermarket.ASP.SS_Views.Costing.WebServices.ASPRATEPLAN.EXP_PLOTType",
"uri": "http://10.65.30.77:8006/DTNA_PRD/Aftermarket/ASP/SS_Views/Costing/WebServices/ASPRATEPLAN.xsodata/EXP_PLOT('2925169949564363117')"
},
"ID": "2925169949564363117",
"PRD_TYP_CD": "CHASSIS",
"RATE_PLAN_CUTOFF_DATE": "/Date(1541030400000)/",
"IN_SRVC_YR": "2017",
"VOC_CATEGORY": "STANDARD",
"DOMCL_CNTRY_CD": "USA AND CAN",
"PRODUCT_TYPE": "HD",
"ENGINE_TORQUE": "",
"DEDUCT_AMT": 0,
"CVRG_GROUP": "EXTENDED BASIC VEHICLE",
"CVRG_MONTHS": 24,
"MIS": 21,
"TOTAL_UNITS": 21,
"VMRS_GROUP": "032-002-001",
"VMRS_GROUP_DESC": "MOTOR ASSEMBLY - STARTER",
"ACTIVE_UNITS": 21,
"RATE_PLAN_ID": 5820,
"TW_PER_UNIT": "599",
"BW_PER_UNIT": "77",
"EW_PER_UNIT": "522"
},
{
"__metadata": {
"type": "DTNA_PRD.Aftermarket.ASP.SS_Views.Costing.WebServices.ASPRATEPLAN.EXP_PLOTType",
"uri": "http://10.65.30.77:8006/DTNA_PRD/Aftermarket/ASP/SS_Views/Costing/WebServices/ASPRATEPLAN.xsodata/EXP_PLOT('2925169949564363118')"
},
"ID": "2925169949564363118",
"PRD_TYP_CD": "CHASSIS",
"RATE_PLAN_CUTOFF_DATE": "/Date(1541030400000)/",
"IN_SRVC_YR": "2017",
"VOC_CATEGORY": "STANDARD",
"DOMCL_CNTRY_CD": "USA AND CAN",
"PRODUCT_TYPE": "HD",
"ENGINE_TORQUE": "",
"DEDUCT_AMT": 0,
"CVRG_GROUP": "EXTENDED BASIC VEHICLE",
"CVRG_MONTHS": 24,
"MIS": 22,
"TOTAL_UNITS": 21,
"VMRS_GROUP": "032-002-001",
"VMRS_GROUP_DESC": "MOTOR ASSEMBLY - STARTER",
"ACTIVE_UNITS": 21,
"RATE_PLAN_ID": 5820,
"TW_PER_UNIT": "599",
"BW_PER_UNIT": "77",
"EW_PER_UNIT": "522"
},
{
"__metadata": {
"type": "DTNA_PRD.Aftermarket.ASP.SS_Views.Costing.WebServices.ASPRATEPLAN.EXP_PLOTType",
"uri": "http://10.65.30.77:8006/DTNA_PRD/Aftermarket/ASP/SS_Views/Costing/WebServices/ASPRATEPLAN.xsodata/EXP_PLOT('2925169949564363119')"
},
"ID": "2925169949564363119",
"PRD_TYP_CD": "CHASSIS",
"RATE_PLAN_CUTOFF_DATE": "/Date(1541030400000)/",
"IN_SRVC_YR": "2017",
"VOC_CATEGORY": "STANDARD",
"DOMCL_CNTRY_CD": "USA AND CAN",
"PRODUCT_TYPE": "HD",
"ENGINE_TORQUE": "",
"DEDUCT_AMT": 0,
"CVRG_GROUP": "EXTENDED BASIC VEHICLE",
"CVRG_MONTHS": 24,
"MIS": 23,
"TOTAL_UNITS": 21,
"VMRS_GROUP": "032-002-001",
"VMRS_GROUP_DESC": "MOTOR ASSEMBLY - STARTER",
"ACTIVE_UNITS": 21,
"RATE_PLAN_ID": 5820,
"TW_PER_UNIT": "599",
"BW_PER_UNIT": "77",
"EW_PER_UNIT": "522"
},
{
"__metadata": {
"type": "DTNA_PRD.Aftermarket.ASP.SS_Views.Costing.WebServices.ASPRATEPLAN.EXP_PLOTType",
"uri": "http://10.65.30.77:8006/DTNA_PRD/Aftermarket/ASP/SS_Views/Costing/WebServices/ASPRATEPLAN.xsodata/EXP_PLOT('2925169949564363120')"
},
"ID": "2925169949564363120",
"PRD_TYP_CD": "CHASSIS",
"RATE_PLAN_CUTOFF_DATE": "/Date(1541030400000)/",
"IN_SRVC_YR": "2017",
"VOC_CATEGORY": "STANDARD",
"DOMCL_CNTRY_CD": "USA AND CAN",
"PRODUCT_TYPE": "HD",
"ENGINE_TORQUE": "",
"DEDUCT_AMT": 0,
"CVRG_GROUP": "EXTENDED BASIC VEHICLE",
"CVRG_MONTHS": 24,
"MIS": 24,
"TOTAL_UNITS": 21,
"VMRS_GROUP": "032-002-001",
"VMRS_GROUP_DESC": "MOTOR ASSEMBLY - STARTER",
"ACTIVE_UNITS": 21,
"RATE_PLAN_ID": 5820,
"TW_PER_UNIT": "599",
"BW_PER_UNIT": "77",
"EW_PER_UNIT": "522"
}
]
}
}