{
	"NewRatePlan": {
		"PORTFOLIO_NAME": "",
		"PRODUCT_TYPE": "",
		"RATE_PLAN_CUTOFF_DT": "",
		"CREATED_DT": "",
		"BASELINE_YEAR": "",
		"INFLATION_RATE": "",
		"CREATED_USER": "",
		"RATE_PLAN_STATUS": "Draft",
		"RATE_PLAN_ID": "",
		"RATE_PLAN_DESC": ""
	},

	"ViewRatePlan": {
		"PORTFOLIO_NAME": " ",
		"PRODUCT_TYPE": " ",
		"RATE_PLAN_CUTOFF_DT": " ",
		"CREATED_DT": " ",
		"BASELINE_YEAR": " ",
		"INFLATION_RATE": " ",
		"CREATED_USER": " ",
		"RATE_PLAN_STATUS": " ",
		"RATE_PLAN_ID": "",
		"MODIFIED_USER": " ",
		"MODIFIED_DT": " "

	},

	"CostCurveViewRatePlan":[], 
		

	

	"fixedNavigation": [{
		"key": "create",
		"title": "Create Rate Plan",
		"icon": "sap-icon://create-form"
	}, {
		"key": "view",
		"title": "View Rate Plan",
		"icon": "sap-icon://detail-view"
	}, {
		"key": "rateQuote",
		"title": "Rate Quote Calculator",
		"icon": "sap-icon://simulate"
	}],

	"Baseline": [],

	"Portfolio": [{

		"key": "eng",
		"text": "Engine"
	}, {
		"key": "chs",
		"text": "Chassis"
	}],

	"aMockMessages": {
		"type": "Information",
		"title": "Information message",
		"description": "First Information message description",
		"subtitle": "Example of subtitle"

	},

	"rateplanvisibility": {

		"selectedStep": 1,
		"createRatePlanScreen": 1

	},

	"pareto": [],
	"popover": {},
	"vmrsHomeSelection": [],
	"vmrsSelection": [],
	"costcurve24": [],
	"costcurve36": [],
	"costcurve48": [],
	"costcurve60": [],
	"costcurve72": [],
	"CostCurveViewRatePlan24":[],
	"CostCurveViewRatePlan36":[],
	"CostCurveViewRatePlan48":[],
	"CostCurveViewRatePlan60":[],
	"CostCurveViewRatePlan72":[],
	
	"Overlay24": [],
	"Overlay36": [],
	"Overlay48": [],
	"Overlay60": [],
	"Overlay72": [],
	"Milege": [],
	"AdjData": [],
	"failureRateChart24": [],
	"failureRateChart36": [],
	"failureRateChart48": [],
	"failureRateChart60": [],
	"failureRateChart72": [],
	"FRChartSelection": {},
	"costCurveTitle": {
		"engineTitle": "",
		"chassisTitle": ""
	},

	"AUFValue": [],
	"AUFValue36": [],
	"AUFValue48": [],
	"AUFValue60": [],
	"CostCurveStatus": []

}