{
  "data": [{
        "Month": "Month1",
        "Base_Line_2015": 944.04,
        "Cost_Per_Unit_2016": 588.41,
        "Cost_Per_Unit_2017": 403.08,
        "Cost_Per_Unit_2018": 180.33,
        "Target": 900.00,
        "Budget": 300.00
    },
    {
        "Month": "Month2",
        "Base_Line_2015": 959.35,
        "Cost_Per_Unit_2016": 300.80,
        "Cost_Per_Unit_2017": 300.18,
        "Cost_Per_Unit_2018": 80.62,
        "Target": 900.00,
        "Budget": 314.00
    },
    {
        "Month": "Month3",
        "Base_Line_2015": 1026.07,
        "Cost_Per_Unit_2016": 200.80,
        "Cost_Per_Unit_2017": 200.18,
        "Cost_Per_Unit_2018": 80.62,
        "Target": 900.00,
        "Budget": 328.00
    },
    {
        "Month": "Month4",
        "Base_Line_2015": 1079.71,
        "Cost_Per_Unit_2016": 401.03,
        "Cost_Per_Unit_2017": 200.74,
        "Cost_Per_Unit_2018": 500.29,
        "Target": 900.00,
        "Budget": 342.00
    },
    {
        "Month": "Month5",
        "Base_Line_2015": 116.77,
        "Cost_Per_Unit_2016": 400.58,
        "Cost_Per_Unit_2017": 300.15,
        "Cost_Per_Unit_2018": 85.43,
        "Target": 900.00,
        "Budget": 356.00
    },
    {
        "Month": "Month6",
        "Base_Line_2015": 124.99,
        "Cost_Per_Unit_2016": 201.19,
        "Cost_Per_Unit_2017": 440.91,
        "Cost_Per_Unit_2018": 400.28,
        "Target": 900.00,
        "Budget": 370.00
    },
    {
        "Month": "Month7",
        "Base_Line_2015": 164.85,
        "Cost_Per_Unit_2016": 601.13,
        "Cost_Per_Unit_2017": 198.73,
        "Cost_Per_Unit_2018": 718,
        "Target": 900.00,
        "Budget": 384.00
    },
    {
        "Month": "Month8",
        "Base_Line_2015": 131.93,
        "Cost_Per_Unit_2016": 191.11,
        "Cost_Per_Unit_2017": 992.54,
        "Cost_Per_Unit_2018": 90.57,
        "Target": 1.00,
        "Budget": 398.00
    },
    {
        "Month": "Month9",
        "Base_Line_2015": 1460.02,
        "Cost_Per_Unit_2016": 179.23,
        "Cost_Per_Unit_2017": 108.73,
        "Cost_Per_Unit_2018": 70.50,
        "Target": 1.00,
        "Budget": 412.00
    },
    {
        "Month": "Month10",
        "Base_Line_2015": 147,
        "Cost_Per_Unit_2016": 323,
        "Cost_Per_Unit_2017": 243,
        "Cost_Per_Unit_2018": 80.62,
        "Target": 1.00,
        "Budget": 426.00
    },
    {
        "Month": "Month11",
        "Base_Line_2015": 1504.17,
        "Cost_Per_Unit_2016": 451.00,
        "Cost_Per_Unit_2017": 360.09,
        "Cost_Per_Unit_2018": 90.91,
        "Target": 1.00,
        "Budget": 440.00
    },
    {
        "Month": "Month12",
        "Base_Line_2015": 1320.04,
        "Cost_Per_Unit_2016": 48.70,
        "Cost_Per_Unit_2017": 408,
        "Cost_Per_Unit_2018": 80,
        "Target": 1.00,
        "Budget": 454.00
    },
    {
        "Month": "Month13",
        "Base_Line_2015": 108,
        "Cost_Per_Unit_2016": 55,
        "Cost_Per_Unit_2017": 447,
        "Cost_Per_Unit_2018": 111,
        "Target": 1.00,
        "Budget": 484.00
    },
    {
        "Month": "Month14",
        "Base_Line_2015": 101,
        "Cost_Per_Unit_2016": 612,
        "Cost_Per_Unit_2017": 431,
        "Cost_Per_Unit_2018": 181,
        "Target": 1200.00,
        "Budget": 516.00
    },
    {
        "Month": "Month15",
        "Base_Line_2015": 1075.71,
        "Cost_Per_Unit_2016": 674,
        "Cost_Per_Unit_2017": 477,
        "Cost_Per_Unit_2018": 2047,
        "Target": 1200.00,
        "Budget": 548.00
    },
    {
        "Month": "Month16",
        "Base_Line_2015": 1130.77,
        "Cost_Per_Unit_2016": 749.63,
        "Cost_Per_Unit_2017": 521,
        "Cost_Per_Unit_2018": 230,
        "Target": 1200.00,
        "Budget": 580.00
    },
    {
        "Month": "Month17",
        "Base_Line_2015": 1210.99,
        "Cost_Per_Unit_2016": 779.38,
        "Cost_Per_Unit_2017": 573,
        "Cost_Per_Unit_2018": 2317,
        "Target": 1200.00,
        "Budget": 612.00
    },
    {
        "Month": "Month18",
        "Base_Line_2015": 1264.85,
        "Cost_Per_Unit_2016": 880,
        "Cost_Per_Unit_2017": 604,
        "Cost_Per_Unit_2018": 2632,
        "Target": 1200.00,
        "Budget": 644.00
    },
    {
        "Month": "Month19",
        "Base_Line_2015": 1280.93,
        "Cost_Per_Unit_2016": 930,
        "Cost_Per_Unit_2017": 651,
        "Cost_Per_Unit_2018": 279,
        "Target": 1200.00,
        "Budget": 676.00
    },
    {
        "Month": "Month20",
        "Base_Line_2015": 1400.02,
        "Cost_Per_Unit_2016": 1.05,
        "Cost_Per_Unit_2017": 700.01,
        "Cost_Per_Unit_2018": 300.04,
        "Target": 1200.00,
        "Budget": 708.00
    },
    {
        "Month": "Month21",
        "Base_Line_2015": 1471.97,
        "Cost_Per_Unit_2016": 1011.07,
        "Cost_Per_Unit_2017": 707.66,
        "Cost_Per_Unit_2018": 303.41,
        "Target": 1200.00,
        "Budget": 740.00
    },
    {
        "Month": "Month22",
        "Base_Line_2015": 1500.17,
        "Cost_Per_Unit_2016": 1011.36,
        "Cost_Per_Unit_2017": 707.53,
        "Cost_Per_Unit_2018": 303.83,
        "Target": 1200.00,
        "Budget": 772.00
    },
    {
        "Month": "Month23",
        "Base_Line_2015": 1619.75,
        "Cost_Per_Unit_2016": 991.04,
        "Cost_Per_Unit_2017": 594.53,
        "Cost_Per_Unit_2018": 396.51,
        "Target": 1200.00,
        "Budget": 804.00
    },
    {
        "Month": "Month24",
        "Base_Line_2015": 1696.50,
        "Cost_Per_Unit_2016": 961.11,
        "Cost_Per_Unit_2017": 576.18,
        "Cost_Per_Unit_2018": 384.93,
        "Target": 2.00,
        "Budget": 836.00
    },
    {
        "Month": "Month25",
        "Base_Line_2015": 1850.43,
        "Cost_Per_Unit_2016": 900.96,
        "Cost_Per_Unit_2017": 540.37,
        "Cost_Per_Unit_2018": 360.59,
        "Target": 2.00,
        "Budget": 868.00
    },
    {
        "Month": "Month26",
        "Base_Line_2015": 1840.74,
        "Cost_Per_Unit_2016": 890.97,
        "Cost_Per_Unit_2017": 519.23,
        "Cost_Per_Unit_2018": 371.74,
        "Target": 2.00,
        "Budget": 900.00
    },
    {
        "Month": "Month27",
        "Base_Line_2015": 190,
        "Cost_Per_Unit_2016": 820.56,
        "Cost_Per_Unit_2017": 492.15,
        "Cost_Per_Unit_2018": 328.41,
        "Target": 2.00,
        "Budget": 932.00
    },
    {
        "Month": "Month28",
        "Base_Line_2015": 208,
        "Cost_Per_Unit_2016": 800.70,
        "Cost_Per_Unit_2017": 480.66,
        "Cost_Per_Unit_2018": 320.04,
        "Target": 2.00,
        "Budget": 964.00
    },
    {
        "Month": "Month29",
        "Base_Line_2015": 211.24,
        "Cost_Per_Unit_2016": 811.24,
        "Cost_Per_Unit_2017": 486.52,
        "Cost_Per_Unit_2018": 324.72,
        "Target": 2.00,
        "Budget": 996.00
    },
    {
        "Month": "Month30",
        "Base_Line_2015": 226,
        "Cost_Per_Unit_2016": 818,
        "Cost_Per_Unit_2017": 497.98,
        "Cost_Per_Unit_2018": 3180,
        "Target": 2.00,
        "Budget": 1028.00
    },
    {
        "Month": "Month31",
        "Base_Line_2015": 2291.11,
        "Cost_Per_Unit_2016": 841.92,
        "Cost_Per_Unit_2017": 490,
        "Cost_Per_Unit_2018": 342.92,
        "Target": 2.00,
        "Budget": 1060.00
    },
    {
        "Month": "Month32",
        "Base_Line_2015": 2384.88,
        "Cost_Per_Unit_2016": 851.08,
        "Cost_Per_Unit_2017": 510.63,
        "Cost_Per_Unit_2018": 340.45,
        "Target": 2.00,
        "Budget": 1092.00
    },
    {
        "Month": "Month33",
        "Base_Line_2015": 243,
        "Cost_Per_Unit_2016": 887,
        "Cost_Per_Unit_2017": 530,
        "Cost_Per_Unit_2018": 355,
        "Target": 2.00,
        "Budget": 1124.00
    },
    {
        "Month": "Month34",
        "Base_Line_2015": 250,
        "Cost_Per_Unit_2016": 953,
        "Cost_Per_Unit_2017": 66,
        "Cost_Per_Unit_2018": 287,
        "Target": 2.00,
        "Budget": 1156.00
    },
    {
        "Month": "Month35",
        "Base_Line_2015": 250,
        "Cost_Per_Unit_2016": 109,
        "Cost_Per_Unit_2017": 713,
        "Cost_Per_Unit_2018": 356,
        "Target": 2.00,
        "Budget": 1188.00
    },
    {
        "Month": "Month36",
        "Base_Line_2015": 249,
        "Cost_Per_Unit_2016": 110,
        "Cost_Per_Unit_2017": 782,
        "Cost_Per_Unit_2018": 358,
        "Target": 2.00,
        "Budget": 1220.00
    },
    {
        "Month": "Month37",
        "Base_Line_2015": 225,
        "Cost_Per_Unit_2016": 117,
        "Cost_Per_Unit_2017": 84,
        "Cost_Per_Unit_2018": 333,
        "Target": 2.00,
        "Budget": 1252.00
    },
    {
        "Month": "Month38",
        "Base_Line_2015": 220,
        "Cost_Per_Unit_2016": 124,
        "Cost_Per_Unit_2017": 1119,
        "Cost_Per_Unit_2018": 124,
        "Target": 2.00,
        "Budget": 1284.00
    },
    {
        "Month": "Month39",
        "Base_Line_2015": 208,
        "Cost_Per_Unit_2016": 131,
        "Cost_Per_Unit_2017": 118,
        "Cost_Per_Unit_2018": 1325,
        "Target": 2.00,
        "Budget": 1316.00
    },
    {
        "Month": "Month40",
        "Base_Line_2015": 1800.03,
        "Cost_Per_Unit_2016": 1400.61,
        "Cost_Per_Unit_2017": 1260.46,
        "Cost_Per_Unit_2018": 140.15,
        "Target": 2.00,
        "Budget": 1348.00
    },
    {
        "Month": "Month41",
        "Base_Line_2015": 1700.45,
        "Cost_Per_Unit_2016": 1486,
        "Cost_Per_Unit_2017": 133,
        "Cost_Per_Unit_2018": 1483,
        "Target": 2.00,
        "Budget": 1380.00
    },
    {
        "Month": "Month42",
        "Base_Line_2015": 1764.77,
        "Cost_Per_Unit_2016": 1562,
        "Cost_Per_Unit_2017": 1470,
        "Cost_Per_Unit_2018": 1562,
        "Target": 2.00,
        "Budget": 1412.00
    },
    {
        "Month": "Month43",
        "Base_Line_2015": 1829.92,
        "Cost_Per_Unit_2016": 1719.85,
        "Cost_Per_Unit_2017": 1500.67,
        "Cost_Per_Unit_2018": 160.18,
        "Target": 2.00,
        "Budget": 1444.00
    },
    {
        "Month": "Month44",
        "Base_Line_2015": 1936.24,
        "Cost_Per_Unit_2016": 17,
        "Cost_Per_Unit_2017": 155,
        "Cost_Per_Unit_2018": 173,
        "Target": 2.00,
        "Budget": 1476.00
    },
    {
        "Month": "Month45",
        "Base_Line_2015": 204,
        "Cost_Per_Unit_2016": 1825,
        "Cost_Per_Unit_2017": 164,
        "Cost_Per_Unit_2018": 182,
        "Target": 2.00,
        "Budget": 1508.00
    },
    {
        "Month": "Month46",
        "Base_Line_2015": 211,
        "Cost_Per_Unit_2016": 198,
        "Cost_Per_Unit_2017": 1794,
        "Cost_Per_Unit_2018": 1916,
        "Target": 2.00,
        "Budget": 1540.00
    },
    {
        "Month": "Month47",
        "Base_Line_2015": 217,
        "Cost_Per_Unit_2016": 200,
        "Cost_Per_Unit_2017": 1808,
        "Cost_Per_Unit_2018": 200,
        "Target": 2.00,
        "Budget": 1572.00
    },
    {
        "Month": "Month48",
        "Base_Line_2015": 2310.42,
        "Cost_Per_Unit_2016": 210,
        "Cost_Per_Unit_2017": 1893,
        "Cost_Per_Unit_2018": 2104,
        "Target": 2.00,
        "Budget": 1604.00
    },
    {
        "Month": "Month49",
        "Base_Line_2015": 2380.05,
        "Cost_Per_Unit_2016": 220,
        "Cost_Per_Unit_2017": 198,
        "Cost_Per_Unit_2018": 220,
        "Target": 2.00,
        "Budget": 1636.00
    },
    {
        "Month": "Month50",
        "Base_Line_2015": 2500.43,
        "Cost_Per_Unit_2016": 2300.80,
        "Cost_Per_Unit_2017": 2070.01,
        "Cost_Per_Unit_2018": 230.79,
        "Target": 2.00,
        "Budget": 1668.00
    },
  {
        "Month": "Month51",
        "Base_Line_2015": 2503,
        "Cost_Per_Unit_2016": 2300,
        "Cost_Per_Unit_2017": 201,
        "Cost_Per_Unit_2018": 239,
        "Target": 2.00,
        "Budget": 1668.00
    },
    {
        "Month": "Month52",
        "Base_Line_2015": 253,
        "Cost_Per_Unit_2016": 200,
        "Cost_Per_Unit_2017": 201,
        "Cost_Per_Unit_2018": 239,
        "Target": 2.00,
        "Budget": 1668.00
    },
      {
        "Month": "Month53",
        "Base_Line_2015": 263,
        "Cost_Per_Unit_2016": 600,
        "Cost_Per_Unit_2017": 231,
        "Cost_Per_Unit_2018": 449,
        "Target": 2.00,
        "Budget": 1668.00
    },
    {
        "Month": "Month54",
        "Base_Line_2015": 1936.24,
        "Cost_Per_Unit_2016": 17,
        "Cost_Per_Unit_2017": 155,
        "Cost_Per_Unit_2018": 173,
        "Target": 2.00,
        "Budget": 1476.00
    },
    {
        "Month": "Month55",
        "Base_Line_2015": 204,
        "Cost_Per_Unit_2016": 1825,
        "Cost_Per_Unit_2017": 164,
        "Cost_Per_Unit_2018": 182,
        "Target": 2.00,
        "Budget": 1508.00
    },
    {
        "Month": "Month56",
        "Base_Line_2015": 211,
        "Cost_Per_Unit_2016": 198,
        "Cost_Per_Unit_2017": 1794,
        "Cost_Per_Unit_2018": 1916,
        "Target": 2.00,
        "Budget": 1540.00
    },
    {
        "Month": "Month57",
        "Base_Line_2015": 217,
        "Cost_Per_Unit_2016": 200,
        "Cost_Per_Unit_2017": 1808,
        "Cost_Per_Unit_2018": 200,
        "Target": 2.00,
        "Budget": 1572.00
    },
    {
        "Month": "Month58",
        "Base_Line_2015": 2310.42,
        "Cost_Per_Unit_2016": 210,
        "Cost_Per_Unit_2017": 1893,
        "Cost_Per_Unit_2018": 2104,
        "Target": 2.00,
        "Budget": 1604.00
    },
    {
        "Month": "Month59",
        "Base_Line_2015": 2380.05,
        "Cost_Per_Unit_2016": 220,
        "Cost_Per_Unit_2017": 198,
        "Cost_Per_Unit_2018": 220,
        "Target": 2.00,
        "Budget": 1636.00
    },
    {
        "Month": "Month60",
        "Base_Line_2015": 2500.43,
        "Cost_Per_Unit_2016": 2300.80,
        "Cost_Per_Unit_2017": 2070.01,
        "Cost_Per_Unit_2018": 230.79,
        "Target": 2.00,
        "Budget": 1668.00
    }]
}