{
  "projectType": [
    "sap.watt.uitools.ide.fiori",
    "com.watt.common.builder.sapui5clientbuild",
    "com.sap.webide.hybrid.cordova"
  ],
  "generation": [
    {
      "templateId": "ui5template.basicSAPUI5ApplicationProjectCommon",
      "templateVersion": "1.32.0",
      "dateTimeStamp": "Fri, 28 Sep 2018 04:30:38 GMT"
    },
    {
      "templateId": "ui5template.basicSAPUI5ApplicationProject",
      "templateVersion": "1.40.12",
      "dateTimeStamp": "Fri, 28 Sep 2018 04:30:39 GMT"
    }
  ],
  "translation": {
    "translationDomain": "",
    "supportedLanguages": "en,fr,de",
    "defaultLanguage": "en",
    "defaultI18NPropertyFile": "i18n.properties",
    "resourceModelName": "i18n"
  },
  "basevalidator": {
    "services": {
      "xml": "fioriXmlAnalysis",
      "js": "fioriJsValidator"
    }
  },
  "codeCheckingTriggers": {
    "notifyBeforePush": true,
    "notifyBeforePushLevel": "Error",
    "blockPush": false,
    "blockPushLevel": "Error"
  },
  "build": {
    "buildRequired": true,
    "sourceFolder": "webapp",
    "targetFolder": "dist",
    "excludedFolders": [],
    "excludedFiles": [],
    "lastBuildDateTime": "Fri, 28 Sep 2018 08:42:54 GMT"
  },
  "hybrid": {
    "hatVersion": "1.28.10",
    "appNamespace": "com.chartszLineCharts",
    "FacadeConfig": {
      "cordova-plugin-device-orientation": false,
      "accelerometer": {},
      "compass": {},
      "bFacade": false
    }
  },
  "hcpdeploy": {
    "account": "p1216442213trial",
    "name": "zlinecharts",
    "lastVersionWeTriedToDeploy": "1.0.0"
  }
}